Path;SteerAngle;Throttle;Brake;Speed;X_Position;Y_Position;Pitch;Yaw;Roll
/Users/markdoorbar/Robotics/Mark/RoboND-Rover-Project/training_data/IMG/robocam_2018_01_13_15_57_46_330.jpg;0;0;1;0;100.4937;84.52122;0.0003992386;226.9974;-2.503453E-06
/Users/markdoorbar/Robotics/Mark/RoboND-Rover-Project/training_data/IMG/robocam_2018_01_13_15_57_46_369.jpg;0;0;0;0;100.4937;84.52122;0.0003760864;226.9974;-3.422729E-06
/Users/markdoorbar/Robotics/Mark/RoboND-Rover-Project/training_data/IMG/robocam_2018_01_13_15_57_46_419.jpg;0;0;0;0;100.4937;84.52122;0.0003601481;226.9974;-4.3104E-06
/Users/markdoorbar/Robotics/Mark/RoboND-Rover-Project/training_data/IMG/robocam_2018_01_13_15_57_46_470.jpg;0;0;0;0;100.4937;84.52122;0.000335156;226.9974;-4.635412E-06
/Users/markdoorbar/Robotics/Mark/RoboND-Rover-Project/training_data/IMG/robocam_2018_01_13_15_57_46_520.jpg;0;0;0;0;100.4937;84.52122;0.0003181962;226.9974;-3.803465E-06
/Users/markdoorbar/Robotics/Mark/RoboND-Rover-Project/training_data/IMG/robocam_2018_01_13_15_57_46_569.jpg;0;0;0;0;100.4937;84.52122;0.0002927016;226.9974;-1.688227E-06
/Users/markdoorbar/Robotics/Mark/RoboND-Rover-Project/training_data/IMG/robocam_2018_01_13_15_57_46_619.jpg;0;0;0;0;100.4937;84.52122;0.0002768054;226.9974;-2.100484E-06
/Users/markdoorbar/Robotics/Mark/RoboND-Rover-Project/training_data/IMG/robocam_2018_01_13_15_57_46_669.jpg;0;0;0;0;100.4937;84.52122;0.0002527054;226.9974;-2.360807E-06
/Users/markdoorbar/Robotics/Mark/RoboND-Rover-Project/training_data/IMG/robocam_2018_01_13_15_57_46_719.jpg;0;0;0;0;100.4937;84.52122;0.0002384792;226.9974;-1.771076E-06
/Users/markdoorbar/Robotics/Mark/RoboND-Rover-Project/training_data/IMG/robocam_2018_01_13_15_57_46_769.jpg;0;0;0;0;100.4937;84.52122;0.0002172617;226.9974;-3.223277E-07
/Users/markdoorbar/Robotics/Mark/RoboND-Rover-Project/training_data/IMG/robocam_2018_01_13_15_57_46_820.jpg;0;0;0;0;100.4937;84.52122;0.000204367;226.9974;9.639672E-07
/Users/markdoorbar/Robotics/Mark/RoboND-Rover-Project/training_data/IMG/robocam_2018_01_13_15_57_46_870.jpg;0;0;0;0;100.4937;84.52122;0.0001865661;226.9974;1.454982E-07
/Users/markdoorbar/Robotics/Mark/RoboND-Rover-Project/training_data/IMG/robocam_2018_01_13_15_57_46_920.jpg;0;0;0;0;100.4937;84.52122;0.0001752902;226.9974;2.342484E-07
/Users/markdoorbar/Robotics/Mark/RoboND-Rover-Project/training_data/IMG/robocam_2018_01_13_15_57_46_970.jpg;0;0;0;0;100.4937;84.52122;0.0001615379;226.9974;4.944933E-07
/Users/markdoorbar/Robotics/Mark/RoboND-Rover-Project/training_data/IMG/robocam_2018_01_13_15_57_47_019.jpg;0;0;0;0;100.4937;84.52122;0.0001540893;226.9974;1.058655E-06
/Users/markdoorbar/Robotics/Mark/RoboND-Rover-Project/training_data/IMG/robocam_2018_01_13_15_57_47_070.jpg;0;0;0;0;100.4937;84.52122;0.0001441644;226.9974;1.794324E-06
/Users/markdoorbar/Robotics/Mark/RoboND-Rover-Project/training_data/IMG/robocam_2018_01_13_15_57_47_119.jpg;0;0;0;0;100.4937;84.52122;0.0001385783;226.9974;2.289283E-06
/Users/markdoorbar/Robotics/Mark/RoboND-Rover-Project/training_data/IMG/robocam_2018_01_13_15_57_47_169.jpg;0;0;0;0;100.4937;84.52122;0.0001326958;226.9974;2.954248E-06
/Users/markdoorbar/Robotics/Mark/RoboND-Rover-Project/training_data/IMG/robocam_2018_01_13_15_57_47_220.jpg;0;0;0;0;100.4937;84.52122;0.0001302405;226.9974;3.36346E-06
/Users/markdoorbar/Robotics/Mark/RoboND-Rover-Project/training_data/IMG/robocam_2018_01_13_15_57_47_270.jpg;0;0;0;0;100.4937;84.52122;0.0001284803;226.9974;4.046485E-06
/Users/markdoorbar/Robotics/Mark/RoboND-Rover-Project/training_data/IMG/robocam_2018_01_13_15_57_47_319.jpg;0;0;0;0;100.4937;84.52122;0.0001286819;226.9974;4.699426E-06
/Users/markdoorbar/Robotics/Mark/RoboND-Rover-Project/training_data/IMG/robocam_2018_01_13_15_57_47_370.jpg;0;0;0;0;100.4937;84.52122;0.0001304091;226.9974;5.265105E-06
/Users/markdoorbar/Robotics/Mark/RoboND-Rover-Project/training_data/IMG/robocam_2018_01_13_15_57_47_420.jpg;0;0;0;0;100.4937;84.52122;0.0001326296;226.9974;5.451666E-06
/Users/markdoorbar/Robotics/Mark/RoboND-Rover-Project/training_data/IMG/robocam_2018_01_13_15_57_47_469.jpg;0;0;0;0;100.4937;84.52122;0.0001367925;226.9974;5.657788E-06
/Users/markdoorbar/Robotics/Mark/RoboND-Rover-Project/training_data/IMG/robocam_2018_01_13_15_57_47_520.jpg;0;0.102234;0;0;100.4935;84.52099;0.008212992;226.9978;6.497517E-06
/Users/markdoorbar/Robotics/Mark/RoboND-Rover-Project/training_data/IMG/robocam_2018_01_13_15_57_47_569.jpg;0;0.251397;0;0;100.4934;84.52093;0.0102226;227.003;0.0001277665
/Users/markdoorbar/Robotics/Mark/RoboND-Rover-Project/training_data/IMG/robocam_2018_01_13_15_57_47_619.jpg;0;0.4021618;0;0.01965738;100.4924;84.51981;0.04285567;227.1271;5.144488E-05
/Users/markdoorbar/Robotics/Mark/RoboND-Rover-Project/training_data/IMG/robocam_2018_01_13_15_57_47_669.jpg;0;0.5522461;0;0.02557026;100.4904;84.51765;0.1034659;227.089;8.916946E-05
/Users/markdoorbar/Robotics/Mark/RoboND-Rover-Project/training_data/IMG/robocam_2018_01_13_15_57_47_720.jpg;0;0.7022009;0;0.05826389;100.4879;84.51495;0.1774213;226.9683;0.0004562508
/Users/markdoorbar/Robotics/Mark/RoboND-Rover-Project/training_data/IMG/robocam_2018_01_13_15_57_47_770.jpg;0;0.852096;0;0.08572135;100.4825;84.50919;0.3295256;226.9766;0.0002201839
/Users/markdoorbar/Robotics/Mark/RoboND-Rover-Project/training_data/IMG/robocam_2018_01_13_15_57_47_820.jpg;0;0.9995638;0;0.1238054;100.4769;84.50326;0.4789032;226.842;-0.0006522525
/Users/markdoorbar/Robotics/Mark/RoboND-Rover-Project/training_data/IMG/robocam_2018_01_13_15_57_47_869.jpg;0;1;0;0.1659112;100.4671;84.49287;0.7064576;226.8973;-0.001054437
/Users/markdoorbar/Robotics/Mark/RoboND-Rover-Project/training_data/IMG/robocam_2018_01_13_15_57_47_919.jpg;0;1;0;0.1992786;100.4593;84.48455;0.8708296;226.9918;-0.0006640191
/Users/markdoorbar/Robotics/Mark/RoboND-Rover-Project/training_data/IMG/robocam_2018_01_13_15_57_47_970.jpg;-0.7540655;1;0;0.264136;100.4452;84.4696;1.145473;226.956;-0.0004565666
/Users/markdoorbar/Robotics/Mark/RoboND-Rover-Project/training_data/IMG/robocam_2018_01_13_15_57_48_019.jpg;-2.969372;1;0;0.297862;100.4348;84.45886;1.306147;226.8383;-0.0004230213
/Users/markdoorbar/Robotics/Mark/RoboND-Rover-Project/training_data/IMG/robocam_2018_01_13_15_57_48_069.jpg;-5.219912;1;0;0.354039;100.4195;84.44379;1.319801;226.6547;-0.002158805
/Users/markdoorbar/Robotics/Mark/RoboND-Rover-Project/training_data/IMG/robocam_2018_01_13_15_57_48_120.jpg;-7.510228;1;0;0.3829596;100.4097;84.43448;1.182922;226.4906;0.001008628
/Users/markdoorbar/Robotics/Mark/RoboND-Rover-Project/training_data/IMG/robocam_2018_01_13_15_57_48_170.jpg;-9.758471;1;0;0.4454506;100.3919;84.4183;1.036948;226.0836;0.001905134
/Users/markdoorbar/Robotics/Mark/RoboND-Rover-Project/training_data/IMG/robocam_2018_01_13_15_57_48_220.jpg;-11.99835;1;0;0.483392;100.378;84.40605;0.9872614;225.7221;-0.003924312
/Users/markdoorbar/Robotics/Mark/RoboND-Rover-Project/training_data/IMG/robocam_2018_01_13_15_57_48_270.jpg;-14.25267;1;0;0.5177306;100.3546;84.38642;0.9541271;225.0421;359.9749
/Users/markdoorbar/Robotics/Mark/RoboND-Rover-Project/training_data/IMG/robocam_2018_01_13_15_57_48_319.jpg;-15;1;0;0.5474951;100.3371;84.37231;0.9637879;224.5795;359.9535
/Users/markdoorbar/Robotics/Mark/RoboND-Rover-Project/training_data/IMG/robocam_2018_01_13_15_57_48_370.jpg;-15;1;0;0.6044192;100.3087;84.34978;1.006493;223.9962;359.9218
/Users/markdoorbar/Robotics/Mark/RoboND-Rover-Project/training_data/IMG/robocam_2018_01_13_15_57_48_420.jpg;-15;1;0;0.6232156;100.2878;84.3336;1.06309;223.464;359.9033
/Users/markdoorbar/Robotics/Mark/RoboND-Rover-Project/training_data/IMG/robocam_2018_01_13_15_57_48_469.jpg;-15;1;0;0.675786;100.255;84.30844;1.139562;222.7881;359.8957
/Users/markdoorbar/Robotics/Mark/RoboND-Rover-Project/training_data/IMG/robocam_2018_01_13_15_57_48_520.jpg;-15;1;0;0.6899038;100.2321;84.29125;1.169138;222.3227;359.9161
/Users/markdoorbar/Robotics/Mark/RoboND-Rover-Project/training_data/IMG/robocam_2018_01_13_15_57_48_569.jpg;-15;1;0;0.7453988;100.1958;84.26442;1.194686;221.6116;359.9819
/Users/markdoorbar/Robotics/Mark/RoboND-Rover-Project/training_data/IMG/robocam_2018_01_13_15_57_48_620.jpg;-12.75;1;0;0.7794985;100.1701;84.24598;1.202979;221.0031;0.01298484
/Users/markdoorbar/Robotics/Mark/RoboND-Rover-Project/training_data/IMG/robocam_2018_01_13_15_57_48_670.jpg;-10.49977;1;0;0.8301387;100.1288;84.21691;1.217586;220.1484;0.00864246
/Users/markdoorbar/Robotics/Mark/RoboND-Rover-Project/training_data/IMG/robocam_2018_01_13_15_57_48_719.jpg;-8.282488;1;0;0.8719898;100.1004;84.19622;1.22122;219.685;0.004444581
/Users/markdoorbar/Robotics/Mark/RoboND-Rover-Project/training_data/IMG/robocam_2018_01_13_15_57_48_770.jpg;-6.007915;1;0;0.9249565;100.0557;84.16326;1.22553;219.1809;0.002639885
/Users/markdoorbar/Robotics/Mark/RoboND-Rover-Project/training_data/IMG/robocam_2018_01_13_15_57_48_819.jpg;-3.770835;1;0;0.9519987;100.0249;84.14016;1.219749;218.9189;0.00159457
/Users/markdoorbar/Robotics/Mark/RoboND-Rover-Project/training_data/IMG/robocam_2018_01_13_15_57_48_870.jpg;-1.509041;1;0;1.006403;99.9772;84.10354;1.211215;218.7235;0.0002809009
/Users/markdoorbar/Robotics/Mark/RoboND-Rover-Project/training_data/IMG/robocam_2018_01_13_15_57_48_920.jpg;-0.763033;1;0;1.039429;99.94423;84.07767;1.214814;218.6871;-0.0002740696
/Users/markdoorbar/Robotics/Mark/RoboND-Rover-Project/training_data/IMG/robocam_2018_01_13_15_57_48_970.jpg;-2.994626;1;0;1.084471;99.89271;84.03779;1.216474;218.5649;-0.0003886613
/Users/markdoorbar/Robotics/Mark/RoboND-Rover-Project/training_data/IMG/robocam_2018_01_13_15_57_49_019.jpg;-5.222082;1;0;1.111919;99.85686;84.01095;1.214637;218.3609;0.001066336
/Users/markdoorbar/Robotics/Mark/RoboND-Rover-Project/training_data/IMG/robocam_2018_01_13_15_57_49_069.jpg;-7.512715;1;0;1.161737;99.80045;83.97019;1.219999;217.8323;0.002097344
/Users/markdoorbar/Robotics/Mark/RoboND-Rover-Project/training_data/IMG/robocam_2018_01_13_15_57_49_120.jpg;-9.737426;1;0;1.186793;99.76111;83.94303;1.218191;217.3478;0.001394314
/Users/markdoorbar/Robotics/Mark/RoboND-Rover-Project/training_data/IMG/robocam_2018_01_13_15_57_49_170.jpg;-12.01443;1;0;1.235817;99.69909;83.90236;1.218031;216.467;359.9883
/Users/markdoorbar/Robotics/Mark/RoboND-Rover-Project/training_data/IMG/robocam_2018_01_13_15_57_49_220.jpg;-14.26258;1;0;1.26667;99.65572;83.87573;1.216413;215.718;359.9671
/Users/markdoorbar/Robotics/Mark/RoboND-Rover-Project/training_data/IMG/robocam_2018_01_13_15_57_49_269.jpg;-12.0524;1;0;1.308671;99.58827;83.83519;1.212016;214.5877;359.956
/Users/markdoorbar/Robotics/Mark/RoboND-Rover-Project/training_data/IMG/robocam_2018_01_13_15_57_49_319.jpg;-9.762311;1;0;1.34124;99.54199;83.80742;1.207998;213.9394;359.9683
/Users/markdoorbar/Robotics/Mark/RoboND-Rover-Project/training_data/IMG/robocam_2018_01_13_15_57_49_370.jpg;-7.538588;1;0;1.390855;99.47016;83.7645;1.220274;213.1225;-0.0002218714
/Users/markdoorbar/Robotics/Mark/RoboND-Rover-Project/training_data/IMG/robocam_2018_01_13_15_57_49_419.jpg;-5.26231;1;0;1.422758;99.42058;83.73513;1.243912;212.7017;0.003343311
/Users/markdoorbar/Robotics/Mark/RoboND-Rover-Project/training_data/IMG/robocam_2018_01_13_15_57_49_470.jpg;-3.054836;1;0;1.467878;99.34457;83.6899;1.262979;212.2423;0.002067275
/Users/markdoorbar/Robotics/Mark/RoboND-Rover-Project/training_data/IMG/robocam_2018_01_13_15_57_49_520.jpg;-0.7550186;1;0;1.499678;99.29295;83.6586;1.265185;212.0914;0.000801035
/Users/markdoorbar/Robotics/Mark/RoboND-Rover-Project/training_data/IMG/robocam_2018_01_13_15_57_49_570.jpg;0;1;0;1.546897;99.21402;83.60989;1.25784;212.031;-0.0006867595
/Users/markdoorbar/Robotics/Mark/RoboND-Rover-Project/training_data/IMG/robocam_2018_01_13_15_57_49_620.jpg;0;1;0;1.578713;99.1601;83.57648;1.256152;212.019;-0.0009154654
/Users/markdoorbar/Robotics/Mark/RoboND-Rover-Project/training_data/IMG/robocam_2018_01_13_15_57_49_670.jpg;0;1;0;1.624885;99.07709;83.52504;1.262846;212.004;-0.0009982503
/Users/markdoorbar/Robotics/Mark/RoboND-Rover-Project/training_data/IMG/robocam_2018_01_13_15_57_49_719.jpg;0;1;0;1.654813;99.02052;83.48999;1.264074;211.9992;-0.001005029
/Users/markdoorbar/Robotics/Mark/RoboND-Rover-Project/training_data/IMG/robocam_2018_01_13_15_57_49_770.jpg;0;1;0;1.701045;98.93362;83.43618;1.267702;211.9866;-0.0009974517
/Users/markdoorbar/Robotics/Mark/RoboND-Rover-Project/training_data/IMG/robocam_2018_01_13_15_57_49_820.jpg;0;1;0;1.732278;98.87437;83.3995;1.271823;211.9802;-0.001055684
/Users/markdoorbar/Robotics/Mark/RoboND-Rover-Project/training_data/IMG/robocam_2018_01_13_15_57_49_869.jpg;0;1;0;1.777409;98.78354;83.34329;1.277032;211.9684;-0.00104704
/Users/markdoorbar/Robotics/Mark/RoboND-Rover-Project/training_data/IMG/robocam_2018_01_13_15_57_49_920.jpg;0;1;0;1.807897;98.72172;83.30505;1.278214;211.9612;-0.001044906
/Users/markdoorbar/Robotics/Mark/RoboND-Rover-Project/training_data/IMG/robocam_2018_01_13_15_57_49_970.jpg;0;1;0;1.853362;98.62699;83.24648;1.283085;211.9501;-0.00104448
/Users/markdoorbar/Robotics/Mark/RoboND-Rover-Project/training_data/IMG/robocam_2018_01_13_15_57_50_020.jpg;0;1;0;1.884248;98.56256;83.20665;1.28639;211.9437;-0.001092145
/Users/markdoorbar/Robotics/Mark/RoboND-Rover-Project/training_data/IMG/robocam_2018_01_13_15_57_50_070.jpg;0;1;0;1.928923;98.464;83.14575;1.288491;211.9318;-0.001082752
/Users/markdoorbar/Robotics/Mark/RoboND-Rover-Project/training_data/IMG/robocam_2018_01_13_15_57_50_120.jpg;0;1;0;1.959626;98.39694;83.10434;1.293567;211.9236;-0.001089426
/Users/markdoorbar/Robotics/Mark/RoboND-Rover-Project/training_data/IMG/robocam_2018_01_13_15_57_50_170.jpg;0;1;0;2.004605;98.29449;83.0411;1.297927;211.9126;-0.00111382
/Users/markdoorbar/Robotics/Mark/RoboND-Rover-Project/training_data/IMG/robocam_2018_01_13_15_57_50_220.jpg;0;1;0;2.033782;98.22496;82.99818;1.29857;211.9055;-0.001114621
/Users/markdoorbar/Robotics/Mark/RoboND-Rover-Project/training_data/IMG/robocam_2018_01_13_15_57_50_269.jpg;0;1;0;2.079054;98.11868;82.93262;1.30286;211.8953;-0.001174189
/Users/markdoorbar/Robotics/Mark/RoboND-Rover-Project/training_data/IMG/robocam_2018_01_13_15_57_50_320.jpg;0;1;0;2.108898;98.04655;82.88813;1.305609;211.8866;-0.001177339
/Users/markdoorbar/Robotics/Mark/RoboND-Rover-Project/training_data/IMG/robocam_2018_01_13_15_57_50_369.jpg;0;1;0;2.152587;97.93649;82.82028;1.307664;211.8759;-0.001166452
/Users/markdoorbar/Robotics/Mark/RoboND-Rover-Project/training_data/IMG/robocam_2018_01_13_15_57_50_420.jpg;0;0.948871;0;2.182798;97.86185;82.77428;1.310319;211.868;-0.001198745
/Users/markdoorbar/Robotics/Mark/RoboND-Rover-Project/training_data/IMG/robocam_2018_01_13_15_57_50_471.jpg;0;0.7979828;0;2.222365;97.74827;82.70432;1.310142;211.8586;-0.001199866
/Users/markdoorbar/Robotics/Mark/RoboND-Rover-Project/training_data/IMG/robocam_2018_01_13_15_57_50_519.jpg;0;0.6484418;0;2.243933;97.67175;82.65717;1.303979;211.8537;-0.0007353429
/Users/markdoorbar/Robotics/Mark/RoboND-Rover-Project/training_data/IMG/robocam_2018_01_13_15_57_50_570.jpg;0;0.4980578;0;2.268044;97.55596;82.58591;1.293338;211.8416;-0.0005911753
/Users/markdoorbar/Robotics/Mark/RoboND-Rover-Project/training_data/IMG/robocam_2018_01_13_15_57_50_620.jpg;0;0.348568;0;2.27887;97.47845;82.53823;1.277577;211.8322;-0.0005579196
/Users/markdoorbar/Robotics/Mark/RoboND-Rover-Project/training_data/IMG/robocam_2018_01_13_15_57_50_671.jpg;0;0.198046;0;2.287329;97.36221;82.46673;1.231543;211.8179;-0.000487564
/Users/markdoorbar/Robotics/Mark/RoboND-Rover-Project/training_data/IMG/robocam_2018_01_13_15_57_50_720.jpg;0;0.04801285;0;2.2881;97.28497;82.41925;1.181204;211.8085;-0.0004073899
/Users/markdoorbar/Robotics/Mark/RoboND-Rover-Project/training_data/IMG/robocam_2018_01_13_15_57_50_770.jpg;1.518436;0;0;2.282489;97.17001;82.34825;1.072721;211.8448;0.001446493
/Users/markdoorbar/Robotics/Mark/RoboND-Rover-Project/training_data/IMG/robocam_2018_01_13_15_57_50_820.jpg;3.754218;0;0;2.277581;97.09454;82.30029;0.9780843;212.0322;0.02240167
/Users/markdoorbar/Robotics/Mark/RoboND-Rover-Project/training_data/IMG/robocam_2018_01_13_15_57_50_870.jpg;5.957685;0;0;2.2695;96.9833;82.227;0.8070474;212.5727;0.09304027
/Users/markdoorbar/Robotics/Mark/RoboND-Rover-Project/training_data/IMG/robocam_2018_01_13_15_57_50_920.jpg;8.234188;0;0;2.263314;96.91074;82.17686;0.6751279;213.1327;0.1746215
/Users/markdoorbar/Robotics/Mark/RoboND-Rover-Project/training_data/IMG/robocam_2018_01_13_15_57_50_969.jpg;10.49823;0;0;2.253258;96.80449;82.09961;0.4542092;214.2322;0.3485129
/Users/markdoorbar/Robotics/Mark/RoboND-Rover-Project/training_data/IMG/robocam_2018_01_13_15_57_51_020.jpg;12.72906;0;0;2.245426;96.73576;82.04644;0.2922611;215.1566;0.5045889
/Users/markdoorbar/Robotics/Mark/RoboND-Rover-Project/training_data/IMG/robocam_2018_01_13_15_57_51_070.jpg;15;0;0;2.232575;96.63605;81.96416;0.03066037;216.7842;0.7943758
/Users/markdoorbar/Robotics/Mark/RoboND-Rover-Project/training_data/IMG/robocam_2018_01_13_15_57_51_120.jpg;15;0;0;2.223801;96.57105;81.90781;359.8779;217.95;0.9894612
/Users/markdoorbar/Robotics/Mark/RoboND-Rover-Project/training_data/IMG/robocam_2018_01_13_15_57_51_169.jpg;15;0;0;2.211893;96.47401;81.82121;359.7504;219.6556;1.226241
/Users/markdoorbar/Robotics/Mark/RoboND-Rover-Project/training_data/IMG/robocam_2018_01_13_15_57_51_220.jpg;15;0;0;2.204;96.40887;81.76211;359.7657;220.7569;1.278536
/Users/markdoorbar/Robotics/Mark/RoboND-Rover-Project/training_data/IMG/robocam_2018_01_13_15_57_51_271.jpg;15;0;0;2.19208;96.31149;81.67036;359.9362;222.3956;1.203125
/Users/markdoorbar/Robotics/Mark/RoboND-Rover-Project/training_data/IMG/robocam_2018_01_13_15_57_51_320.jpg;15;0;0;2.184503;96.24957;81.60765;0.02089203;223.5479;1.115655
/Users/markdoorbar/Robotics/Mark/RoboND-Rover-Project/training_data/IMG/robocam_2018_01_13_15_57_51_370.jpg;15;0;0;2.167775;96.16356;81.51142;0.001954688;225.3812;1.063961
/Users/markdoorbar/Robotics/Mark/RoboND-Rover-Project/training_data/IMG/robocam_2018_01_13_15_57_51_419.jpg;15;0;0;2.162267;96.1086;81.44576;359.9784;226.6093;1.065039
/Users/markdoorbar/Robotics/Mark/RoboND-Rover-Project/training_data/IMG/robocam_2018_01_13_15_57_51_469.jpg;15;0;0;2.153332;96.02861;81.34543;359.9609;228.4304;1.081396
/Users/markdoorbar/Robotics/Mark/RoboND-Rover-Project/training_data/IMG/robocam_2018_01_13_15_57_51_519.jpg;15;0;0;2.147234;95.97689;81.27737;359.9634;229.6295;1.09777
/Users/markdoorbar/Robotics/Mark/RoboND-Rover-Project/training_data/IMG/robocam_2018_01_13_15_57_51_570.jpg;15;0;0;2.137124;95.90205;81.1735;359.985;231.4282;1.131483
/Users/markdoorbar/Robotics/Mark/RoboND-Rover-Project/training_data/IMG/robocam_2018_01_13_15_57_51_620.jpg;15;0;0;2.130052;95.85398;81.10343;-0.001439676;232.6267;1.136469
/Users/markdoorbar/Robotics/Mark/RoboND-Rover-Project/training_data/IMG/robocam_2018_01_13_15_57_51_670.jpg;15;0;0;2.121279;95.78487;80.99749;359.9889;234.4111;1.106711
/Users/markdoorbar/Robotics/Mark/RoboND-Rover-Project/training_data/IMG/robocam_2018_01_13_15_57_51_719.jpg;15;0;0;2.115014;95.74127;80.92561;359.9868;235.6004;1.098715
/Users/markdoorbar/Robotics/Mark/RoboND-Rover-Project/training_data/IMG/robocam_2018_01_13_15_57_51_770.jpg;15;0;0;2.105029;95.67911;80.81625;359.9905;237.3918;1.114671
/Users/markdoorbar/Robotics/Mark/RoboND-Rover-Project/training_data/IMG/robocam_2018_01_13_15_57_51_820.jpg;15;0;0;2.098681;95.63947;80.74274;359.992;238.5812;1.116022
/Users/markdoorbar/Robotics/Mark/RoboND-Rover-Project/training_data/IMG/robocam_2018_01_13_15_57_51_869.jpg;15;0;0;2.090192;95.58295;80.63145;-0.005591844;240.3502;1.103071
/Users/markdoorbar/Robotics/Mark/RoboND-Rover-Project/training_data/IMG/robocam_2018_01_13_15_57_51_920.jpg;15;0;0;2.083413;95.54771;80.55634;-0.001322949;241.5402;1.11537
/Users/markdoorbar/Robotics/Mark/RoboND-Rover-Project/training_data/IMG/robocam_2018_01_13_15_57_51_970.jpg;15;0;0;2.073826;95.49767;80.44312;-0.004961999;243.3177;1.125192
/Users/markdoorbar/Robotics/Mark/RoboND-Rover-Project/training_data/IMG/robocam_2018_01_13_15_57_52_019.jpg;15;0;0;2.068791;95.4662;80.36724;359.9874;244.4875;1.116234
/Users/markdoorbar/Robotics/Mark/RoboND-Rover-Project/training_data/IMG/robocam_2018_01_13_15_57_52_070.jpg;15;0;0;2.058957;95.4224;80.25215;0.001120925;246.2449;1.110227
/Users/markdoorbar/Robotics/Mark/RoboND-Rover-Project/training_data/IMG/robocam_2018_01_13_15_57_52_119.jpg;15;0;0;2.052513;95.39534;80.17529;359.9912;247.4159;1.109311
/Users/markdoorbar/Robotics/Mark/RoboND-Rover-Project/training_data/IMG/robocam_2018_01_13_15_57_52_169.jpg;15;0;0;2.043392;95.35799;80.05915;359.9896;249.1749;1.113617
/Users/markdoorbar/Robotics/Mark/RoboND-Rover-Project/training_data/IMG/robocam_2018_01_13_15_57_52_219.jpg;15;0;0;2.037208;95.33517;79.98126;-0.003869596;250.3491;1.123569
/Users/markdoorbar/Robotics/Mark/RoboND-Rover-Project/training_data/IMG/robocam_2018_01_13_15_57_52_269.jpg;15;0;0;2.028327;95.30366;79.86438;359.9934;252.0947;1.114818
/Users/markdoorbar/Robotics/Mark/RoboND-Rover-Project/training_data/IMG/robocam_2018_01_13_15_57_52_320.jpg;15;0;0;2.022887;95.28478;79.78619;359.9932;253.253;1.10517
/Users/markdoorbar/Robotics/Mark/RoboND-Rover-Project/training_data/IMG/robocam_2018_01_13_15_57_52_369.jpg;15;0;0;2.013148;95.26003;79.66846;-0.002521247;254.9984;1.11948
/Users/markdoorbar/Robotics/Mark/RoboND-Rover-Project/training_data/IMG/robocam_2018_01_13_15_57_52_420.jpg;15;0;0;2.007066;95.24532;79.59003;-0.004088015;256.1572;1.119039
/Users/markdoorbar/Robotics/Mark/RoboND-Rover-Project/training_data/IMG/robocam_2018_01_13_15_57_52_470.jpg;15;0;0;1.999028;95.22612;79.47224;-0.003604432;257.8773;1.099074
/Users/markdoorbar/Robotics/Mark/RoboND-Rover-Project/training_data/IMG/robocam_2018_01_13_15_57_52_519.jpg;15;0;0;1.992588;95.21577;79.39361;-0.0008508121;259.0343;1.104388
/Users/markdoorbar/Robotics/Mark/RoboND-Rover-Project/training_data/IMG/robocam_2018_01_13_15_57_52_570.jpg;15;0;0;1.983513;95.20316;79.27596;359.992;260.768;1.118831
/Users/markdoorbar/Robotics/Mark/RoboND-Rover-Project/training_data/IMG/robocam_2018_01_13_15_57_52_620.jpg;15;0;0;1.97874;95.19639;79.19769;359.9846;261.9062;1.107846
/Users/markdoorbar/Robotics/Mark/RoboND-Rover-Project/training_data/IMG/robocam_2018_01_13_15_57_52_669.jpg;15;0;0;1.969195;95.18971;79.08017;359.9932;263.6215;1.101485
/Users/markdoorbar/Robotics/Mark/RoboND-Rover-Project/training_data/IMG/robocam_2018_01_13_15_57_52_720.jpg;15;0;0;1.96354;95.18728;79.00195;0.002524852;264.7646;1.108649
/Users/markdoorbar/Robotics/Mark/RoboND-Rover-Project/training_data/IMG/robocam_2018_01_13_15_57_52_769.jpg;15;0;0;1.955319;95.18629;78.88542;359.9913;266.4718;1.108802
/Users/markdoorbar/Robotics/Mark/RoboND-Rover-Project/training_data/IMG/robocam_2018_01_13_15_57_52_820.jpg;15;0;0;1.948782;95.18777;78.80783;-0.003475247;267.6105;1.109569
/Users/markdoorbar/Robotics/Mark/RoboND-Rover-Project/training_data/IMG/robocam_2018_01_13_15_57_52_869.jpg;15;0;0;1.940222;95.19272;78.69215;359.9934;269.3141;1.109212
/Users/markdoorbar/Robotics/Mark/RoboND-Rover-Project/training_data/IMG/robocam_2018_01_13_15_57_52_919.jpg;15;0;0;1.935103;95.19784;78.61539;359.993;270.4439;1.102646
/Users/markdoorbar/Robotics/Mark/RoboND-Rover-Project/training_data/IMG/robocam_2018_01_13_15_57_52_969.jpg;15;0;0;1.925924;95.20869;78.50082;-0.003116037;272.1414;1.114529
/Users/markdoorbar/Robotics/Mark/RoboND-Rover-Project/training_data/IMG/robocam_2018_01_13_15_57_53_020.jpg;15;0;0;1.920128;95.21759;78.42502;-0.005356226;273.2718;1.114666
/Users/markdoorbar/Robotics/Mark/RoboND-Rover-Project/training_data/IMG/robocam_2018_01_13_15_57_53_069.jpg;15;0;0;1.912378;95.23352;78.31197;-0.004315196;274.9448;1.099024
/Users/markdoorbar/Robotics/Mark/RoboND-Rover-Project/training_data/IMG/robocam_2018_01_13_15_57_53_120.jpg;15;0;0;1.906322;95.24629;78.23716;-0.0006646027;276.0698;1.103779
/Users/markdoorbar/Robotics/Mark/RoboND-Rover-Project/training_data/IMG/robocam_2018_01_13_15_57_53_170.jpg;15;0;0;1.897695;95.26791;78.12604;359.9933;277.7549;1.112711
/Users/markdoorbar/Robotics/Mark/RoboND-Rover-Project/training_data/IMG/robocam_2018_01_13_15_57_53_221.jpg;15;0;0;1.892936;95.28389;78.05264;359.9836;278.8652;1.105378
/Users/markdoorbar/Robotics/Mark/RoboND-Rover-Project/training_data/IMG/robocam_2018_01_13_15_57_53_270.jpg;15;0;0;1.884388;95.31072;77.94324;359.9928;280.5277;1.095262
/Users/markdoorbar/Robotics/Mark/RoboND-Rover-Project/training_data/IMG/robocam_2018_01_13_15_57_53_319.jpg;15;0;0;1.878533;95.33047;77.87106;-0.0003972582;281.6431;1.101759
/Users/markdoorbar/Robotics/Mark/RoboND-Rover-Project/training_data/IMG/robocam_2018_01_13_15_57_53_370.jpg;15;0;0;1.870012;95.36246;77.76413;-0.003381464;283.3167;1.115217
/Users/markdoorbar/Robotics/Mark/RoboND-Rover-Project/training_data/IMG/robocam_2018_01_13_15_57_53_420.jpg;15;0;0;1.865506;95.38506;77.69358;359.9911;284.416;1.103966
/Users/markdoorbar/Robotics/Mark/RoboND-Rover-Project/training_data/IMG/robocam_2018_01_13_15_57_53_470.jpg;15;0;0;1.856631;95.42191;77.58888;0.0004136267;286.0687;1.091841
/Users/markdoorbar/Robotics/Mark/RoboND-Rover-Project/training_data/IMG/robocam_2018_01_13_15_57_53_520.jpg;15;0;0;1.851147;95.4482;77.52002;0.004900367;287.1748;1.098385
/Users/markdoorbar/Robotics/Mark/RoboND-Rover-Project/training_data/IMG/robocam_2018_01_13_15_57_53_570.jpg;15;0;0;1.843513;95.48957;77.41838;359.9871;288.8222;1.100943
/Users/markdoorbar/Robotics/Mark/RoboND-Rover-Project/training_data/IMG/robocam_2018_01_13_15_57_53_620.jpg;15;0;0;1.837675;95.51887;77.35142;359.9875;289.9182;1.103786
/Users/markdoorbar/Robotics/Mark/RoboND-Rover-Project/training_data/IMG/robocam_2018_01_13_15_57_53_669.jpg;15;0;0;1.829832;95.565;77.25211;0.003253918;291.5552;1.105964
/Users/markdoorbar/Robotics/Mark/RoboND-Rover-Project/training_data/IMG/robocam_2018_01_13_15_57_53_719.jpg;15;0;0;1.824179;95.59699;77.18717;359.9938;292.6451;1.104427
/Users/markdoorbar/Robotics/Mark/RoboND-Rover-Project/training_data/IMG/robocam_2018_01_13_15_57_53_770.jpg;15;0;0;1.816241;95.64729;77.09119;359.9902;294.2769;1.098065
/Users/markdoorbar/Robotics/Mark/RoboND-Rover-Project/training_data/IMG/robocam_2018_01_13_15_57_53_819.jpg;15;0;0;1.810835;95.68239;77.02821;359.994;295.3656;1.100547
/Users/markdoorbar/Robotics/Mark/RoboND-Rover-Project/training_data/IMG/robocam_2018_01_13_15_57_53_869.jpg;15;0;0;1.803008;95.73677;76.93539;359.9906;296.989;1.09566
/Users/markdoorbar/Robotics/Mark/RoboND-Rover-Project/training_data/IMG/robocam_2018_01_13_15_57_53_920.jpg;15;0;0;1.798224;95.77438;76.87457;359.9906;298.0635;1.090192
/Users/markdoorbar/Robotics/Mark/RoboND-Rover-Project/training_data/IMG/robocam_2018_01_13_15_57_53_970.jpg;15;0;0;1.789835;95.833;76.78524;359.9893;299.6869;1.101893
/Users/markdoorbar/Robotics/Mark/RoboND-Rover-Project/training_data/IMG/robocam_2018_01_13_15_57_54_020.jpg;15;0;0;1.784553;95.87334;76.72672;-0.004874514;300.7662;1.110573
/Users/markdoorbar/Robotics/Mark/RoboND-Rover-Project/training_data/IMG/robocam_2018_01_13_15_57_54_070.jpg;15;0;0;1.776874;95.9352;76.64067;359.9898;302.3741;1.102798
/Users/markdoorbar/Robotics/Mark/RoboND-Rover-Project/training_data/IMG/robocam_2018_01_13_15_57_54_121.jpg;15;0;0;1.772151;95.9777;76.58451;359.9882;303.4364;1.092643
/Users/markdoorbar/Robotics/Mark/RoboND-Rover-Project/training_data/IMG/robocam_2018_01_13_15_57_54_170.jpg;15;0;0;1.76387;96.04345;76.50232;359.9852;305.0421;1.097092
/Users/markdoorbar/Robotics/Mark/RoboND-Rover-Project/training_data/IMG/robocam_2018_01_13_15_57_54_220.jpg;15;0;0;1.758678;96.08842;76.44864;359.99;306.1101;1.101014
/Users/markdoorbar/Robotics/Mark/RoboND-Rover-Project/training_data/IMG/robocam_2018_01_13_15_57_54_269.jpg;15;0;0;1.751027;96.15752;76.36983;0.006669173;307.7063;1.106183
/Users/markdoorbar/Robotics/Mark/RoboND-Rover-Project/training_data/IMG/robocam_2018_01_13_15_57_54_319.jpg;15;0;0;1.745882;96.20431;76.31874;-0.00274619;308.7654;1.104306
/Users/markdoorbar/Robotics/Mark/RoboND-Rover-Project/training_data/IMG/robocam_2018_01_13_15_57_54_370.jpg;15;0;0;1.738322;96.27616;76.24396;359.9942;310.3491;1.093506
/Users/markdoorbar/Robotics/Mark/RoboND-Rover-Project/training_data/IMG/robocam_2018_01_13_15_57_54_419.jpg;15;0;0;1.733176;96.32503;76.19543;359.9907;311.4025;1.084431
/Users/markdoorbar/Robotics/Mark/RoboND-Rover-Project/training_data/IMG/robocam_2018_01_13_15_57_54_470.jpg;15;0;0;1.726059;96.3997;76.1247;359.9806;312.9766;1.069559
/Users/markdoorbar/Robotics/Mark/RoboND-Rover-Project/training_data/IMG/robocam_2018_01_13_15_57_54_519.jpg;15;0;0;1.721024;96.45049;76.07896;359.9759;314.0275;1.069224
/Users/markdoorbar/Robotics/Mark/RoboND-Rover-Project/training_data/IMG/robocam_2018_01_13_15_57_54_570.jpg;15;0;0;1.713365;96.52803;76.01236;359.9699;315.6038;1.081017
/Users/markdoorbar/Robotics/Mark/RoboND-Rover-Project/training_data/IMG/robocam_2018_01_13_15_57_54_620.jpg;15;0;0;1.708314;96.58057;75.96918;359.9734;316.6505;1.088729
/Users/markdoorbar/Robotics/Mark/RoboND-Rover-Project/training_data/IMG/robocam_2018_01_13_15_57_54_670.jpg;15;0;0;1.700808;96.66064;75.90613;-0.004562913;318.2088;1.091326
/Users/markdoorbar/Robotics/Mark/RoboND-Rover-Project/training_data/IMG/robocam_2018_01_13_15_57_54_719.jpg;15;0;0;1.6957;96.71482;75.86559;0.008494221;319.2523;1.100784
/Users/markdoorbar/Robotics/Mark/RoboND-Rover-Project/training_data/IMG/robocam_2018_01_13_15_57_54_770.jpg;15;0;0;1.688718;96.79653;75.80702;-0.00562901;320.8068;1.096618
/Users/markdoorbar/Robotics/Mark/RoboND-Rover-Project/training_data/IMG/robocam_2018_01_13_15_57_54_820.jpg;15;0;0;1.683936;96.85173;75.76937;359.9866;321.8376;1.084762
/Users/markdoorbar/Robotics/Mark/RoboND-Rover-Project/training_data/IMG/robocam_2018_01_13_15_57_54_869.jpg;15;0;0;1.67639;96.93575;75.71504;359.9863;323.3835;1.07065
/Users/markdoorbar/Robotics/Mark/RoboND-Rover-Project/training_data/IMG/robocam_2018_01_13_15_57_54_920.jpg;15;0;0;1.671552;96.99239;75.68026;359.9859;324.4142;1.068862
/Users/markdoorbar/Robotics/Mark/RoboND-Rover-Project/training_data/IMG/robocam_2018_01_13_15_57_54_970.jpg;15;0;0;1.664136;97.07821;75.63026;359.9842;325.96;1.077674
/Users/markdoorbar/Robotics/Mark/RoboND-Rover-Project/training_data/IMG/robocam_2018_01_13_15_57_55_020.jpg;15;0;0;1.659266;97.136;75.59824;359.9886;326.9864;1.083592
/Users/markdoorbar/Robotics/Mark/RoboND-Rover-Project/training_data/IMG/robocam_2018_01_13_15_57_55_070.jpg;13.50168;0.05213106;0;1.652475;97.22338;75.55186;0.003908896;328.4739;1.083351
/Users/markdoorbar/Robotics/Mark/RoboND-Rover-Project/training_data/IMG/robocam_2018_01_13_15_57_55_119.jpg;11.28935;0.19962;0;1.651574;97.28165;75.52142;0.0008095909;329.3303;1.059926
/Users/markdoorbar/Robotics/Mark/RoboND-Rover-Project/training_data/IMG/robocam_2018_01_13_15_57_55_169.jpg;9.000467;0.352212;0;1.659508;97.37007;75.47636;0.003987977;330.4193;1.009038
/Users/markdoorbar/Robotics/Mark/RoboND-Rover-Project/training_data/IMG/robocam_2018_01_13_15_57_55_220.jpg;6.792902;0.499383;0;1.669384;97.42979;75.44613;0.01738657;330.9881;0.9678535
/Users/markdoorbar/Robotics/Mark/RoboND-Rover-Project/training_data/IMG/robocam_2018_01_13_15_57_55_270.jpg;4.502628;0.6520679;0;1.691524;97.52086;75.39992;0.06608055;331.6308;0.8892278
/Users/markdoorbar/Robotics/Mark/RoboND-Rover-Project/training_data/IMG/robocam_2018_01_13_15_57_55_320.jpg;2.288625;0.7996681;0;1.710802;97.58267;75.36803;0.1230893;331.8916;0.8182157
/Users/markdoorbar/Robotics/Mark/RoboND-Rover-Project/training_data/IMG/robocam_2018_01_13_15_57_55_370.jpg;0;0.95226;0;1.746858;97.6774;75.31825;0.2527358;332.0535;0.6842678
/Users/markdoorbar/Robotics/Mark/RoboND-Rover-Project/training_data/IMG/robocam_2018_01_13_15_57_55_421.jpg;0;1;0;1.774826;97.74214;75.28385;0.369997;332.0692;0.5831176
/Users/markdoorbar/Robotics/Mark/RoboND-Rover-Project/training_data/IMG/robocam_2018_01_13_15_57_55_470.jpg;0;1;0;1.818641;97.84176;75.23086;0.5847239;332.0672;0.424918
/Users/markdoorbar/Robotics/Mark/RoboND-Rover-Project/training_data/IMG/robocam_2018_01_13_15_57_55_520.jpg;0;1;0;1.847878;97.90976;75.19465;0.7477909;332.061;0.316186
/Users/markdoorbar/Robotics/Mark/RoboND-Rover-Project/training_data/IMG/robocam_2018_01_13_15_57_55_571.jpg;0;1;0;1.891757;98.01398;75.13905;1.012669;332.0482;0.1498655
/Users/markdoorbar/Robotics/Mark/RoboND-Rover-Project/training_data/IMG/robocam_2018_01_13_15_57_55_620.jpg;0;1;0;1.921024;98.08485;75.10116;1.197689;332.0376;0.03800032
/Users/markdoorbar/Robotics/Mark/RoboND-Rover-Project/training_data/IMG/robocam_2018_01_13_15_57_55_670.jpg;0;1;0;1.964126;98.19259;75.04547;1.392238;332.0517;359.9833
/Users/markdoorbar/Robotics/Mark/RoboND-Rover-Project/training_data/IMG/robocam_2018_01_13_15_57_55_720.jpg;0;1;0;1.989736;98.26345;75.00922;1.35907;332.0132;-0.00312078
/Users/markdoorbar/Robotics/Mark/RoboND-Rover-Project/training_data/IMG/robocam_2018_01_13_15_57_55_770.jpg;0;1;0;2.049259;98.3709;74.95243;1.274191;331.9803;-0.001221785
/Users/markdoorbar/Robotics/Mark/RoboND-Rover-Project/training_data/IMG/robocam_2018_01_13_15_57_55_819.jpg;0;1;0;2.079033;98.44408;74.91338;1.243541;331.9745;-0.001172401
/Users/markdoorbar/Robotics/Mark/RoboND-Rover-Project/training_data/IMG/robocam_2018_01_13_15_57_55_871.jpg;0;1;0;2.122288;98.55628;74.85335;1.234989;331.9669;-0.0009285877
/Users/markdoorbar/Robotics/Mark/RoboND-Rover-Project/training_data/IMG/robocam_2018_01_13_15_57_55_920.jpg;0;1;0;2.151109;98.63264;74.81239;1.250874;331.9603;-0.0007506993
/Users/markdoorbar/Robotics/Mark/RoboND-Rover-Project/training_data/IMG/robocam_2018_01_13_15_57_55_970.jpg;0;1;0;2.194348;98.74945;74.74963;1.301064;331.9483;-0.00075002
/Users/markdoorbar/Robotics/Mark/RoboND-Rover-Project/training_data/IMG/robocam_2018_01_13_15_57_56_020.jpg;0;1;0;2.222109;98.82844;74.70715;1.327728;331.9391;-0.001250527
/Users/markdoorbar/Robotics/Mark/RoboND-Rover-Project/training_data/IMG/robocam_2018_01_13_15_57_56_070.jpg;0;1;0;2.267055;98.94843;74.64256;1.337696;331.9252;-0.001272309
/Users/markdoorbar/Robotics/Mark/RoboND-Rover-Project/training_data/IMG/robocam_2018_01_13_15_57_56_119.jpg;0;1;0;2.297015;99.02943;74.59895;1.324686;331.9156;-0.001256023
/Users/markdoorbar/Robotics/Mark/RoboND-Rover-Project/training_data/IMG/robocam_2018_01_13_15_57_56_170.jpg;0;1;0;2.342318;99.15309;74.53231;1.317283;331.9016;-0.0007091931
/Users/markdoorbar/Robotics/Mark/RoboND-Rover-Project/training_data/IMG/robocam_2018_01_13_15_57_56_219.jpg;0;1;0;2.370203;99.23689;74.48712;1.320887;331.8903;-0.001229708
/Users/markdoorbar/Robotics/Mark/RoboND-Rover-Project/training_data/IMG/robocam_2018_01_13_15_57_56_270.jpg;-2.239065;1;0;2.413494;99.36416;74.41776;1.324651;331.7637;-0.0007603819
/Users/markdoorbar/Robotics/Mark/RoboND-Rover-Project/training_data/IMG/robocam_2018_01_13_15_57_56_320.jpg;-4.535819;1;0;2.442145;99.44959;74.36993;1.319422;331.4943;0.0002076822
/Users/markdoorbar/Robotics/Mark/RoboND-Rover-Project/training_data/IMG/robocam_2018_01_13_15_57_56_373.jpg;-6.797833;1;0;2.484086;99.57871;74.29536;1.318205;330.8159;0.001736555
/Users/markdoorbar/Robotics/Mark/RoboND-Rover-Project/training_data/IMG/robocam_2018_01_13_15_57_56_420.jpg;-9.02205;1;0;2.511143;99.66483;74.24321;1.312984;330.1402;359.9845
/Users/markdoorbar/Robotics/Mark/RoboND-Rover-Project/training_data/IMG/robocam_2018_01_13_15_57_56_470.jpg;-11.29009;1;0;2.550436;99.79341;74.16109;1.28097;328.8222;359.9271
/Users/markdoorbar/Robotics/Mark/RoboND-Rover-Project/training_data/IMG/robocam_2018_01_13_15_57_56_520.jpg;-13.53177;1;0;2.576329;99.87808;74.10353;1.225199;327.7137;359.8718
/Users/markdoorbar/Robotics/Mark/RoboND-Rover-Project/training_data/IMG/robocam_2018_01_13_15_57_56_570.jpg;-15;1;0;2.613575;100.0029;74.01252;1.085494;325.7621;359.7554
/Users/markdoorbar/Robotics/Mark/RoboND-Rover-Project/training_data/IMG/robocam_2018_01_13_15_57_56_620.jpg;-15;1;0;2.639853;100.0848;73.94875;0.9680552;324.3857;359.653
/Users/markdoorbar/Robotics/Mark/RoboND-Rover-Project/training_data/IMG/robocam_2018_01_13_15_57_56_669.jpg;-13.49767;1;0;2.678722;100.2061;73.84907;0.7618238;322.3476;359.4834
/Users/markdoorbar/Robotics/Mark/RoboND-Rover-Project/training_data/IMG/robocam_2018_01_13_15_57_56_720.jpg;-11.24317;1;0;2.707071;100.2867;73.78035;0.6154388;321.148;359.3742
/Users/markdoorbar/Robotics/Mark/RoboND-Rover-Project/training_data/IMG/robocam_2018_01_13_15_57_56_770.jpg;-9.000194;1;0;2.749362;100.4074;73.67379;0.4061408;319.6281;359.2122
/Users/markdoorbar/Robotics/Mark/RoboND-Rover-Project/training_data/IMG/robocam_2018_01_13_15_57_56_820.jpg;-6.748619;1;0;2.776467;100.4884;73.60085;0.2798536;318.8275;359.1195
/Users/markdoorbar/Robotics/Mark/RoboND-Rover-Project/training_data/IMG/robocam_2018_01_13_15_57_56_869.jpg;-4.524402;1;0;2.818242;100.6109;73.48865;0.1240162;317.9185;359.0049
/Users/markdoorbar/Robotics/Mark/RoboND-Rover-Project/training_data/IMG/robocam_2018_01_13_15_57_56_919.jpg;-2.267071;1;0;2.845535;100.6938;73.41245;0.04362973;317.5302;358.9596
/Users/markdoorbar/Robotics/Mark/RoboND-Rover-Project/training_data/IMG/robocam_2018_01_13_15_57_56_969.jpg;-0.03983974;1;0;2.8855;100.8205;73.2963;359.9775;317.2548;358.9517
/Users/markdoorbar/Robotics/Mark/RoboND-Rover-Project/training_data/IMG/robocam_2018_01_13_15_57_57_020.jpg;0;1;0;2.912326;100.9068;73.21715;-0.004017379;317.2022;358.97
/Users/markdoorbar/Robotics/Mark/RoboND-Rover-Project/training_data/IMG/robocam_2018_01_13_15_57_57_070.jpg;0;1;0;2.952257;101.0382;73.09632;0.07411486;317.1837;359.0188
/Users/markdoorbar/Robotics/Mark/RoboND-Rover-Project/training_data/IMG/robocam_2018_01_13_15_57_57_120.jpg;0;1;0;2.978269;101.127;73.01468;0.1464345;317.1907;359.0747
/Users/markdoorbar/Robotics/Mark/RoboND-Rover-Project/training_data/IMG/robocam_2018_01_13_15_57_57_170.jpg;0;1;0;3.018431;101.262;72.8905;0.2808087;317.2025;359.188
/Users/markdoorbar/Robotics/Mark/RoboND-Rover-Project/training_data/IMG/robocam_2018_01_13_15_57_57_219.jpg;0;1;0;3.045;101.3533;72.80654;0.3893325;317.2112;359.2762
/Users/markdoorbar/Robotics/Mark/RoboND-Rover-Project/training_data/IMG/robocam_2018_01_13_15_57_57_271.jpg;-0.7784092;1;0;3.084758;101.4918;72.67891;0.5759981;317.213;359.422
/Users/markdoorbar/Robotics/Mark/RoboND-Rover-Project/training_data/IMG/robocam_2018_01_13_15_57_57_320.jpg;-3.036464;1;0;3.111459;101.5845;72.59221;0.7039565;317.0756;359.5147
/Users/markdoorbar/Robotics/Mark/RoboND-Rover-Project/training_data/IMG/robocam_2018_01_13_15_57_57_369.jpg;-5.260997;1;0;3.15111;101.7233;72.45921;0.8913318;316.574;359.6306
/Users/markdoorbar/Robotics/Mark/RoboND-Rover-Project/training_data/IMG/robocam_2018_01_13_15_57_57_420.jpg;-7.534261;1;0;3.177166;101.8151;72.36828;1.001028;316.0009;359.6863
/Users/markdoorbar/Robotics/Mark/RoboND-Rover-Project/training_data/IMG/robocam_2018_01_13_15_57_57_470.jpg;-9.787504;1;0;3.215594;101.9509;72.22867;1.107424;314.7946;359.7528
/Users/markdoorbar/Robotics/Mark/RoboND-Rover-Project/training_data/IMG/robocam_2018_01_13_15_57_57_519.jpg;-12.01775;1;0;3.240968;102.0392;72.13285;1.133948;313.7336;359.7685
/Users/markdoorbar/Robotics/Mark/RoboND-Rover-Project/training_data/IMG/robocam_2018_01_13_15_57_57_570.jpg;-14.28565;1;0;3.277575;102.1676;71.98479;1.09993;311.8045;359.7407
/Users/markdoorbar/Robotics/Mark/RoboND-Rover-Project/training_data/IMG/robocam_2018_01_13_15_57_57_619.jpg;-15;1;0;3.301087;102.25;71.88292;1.032782;310.3367;359.6777
/Users/markdoorbar/Robotics/Mark/RoboND-Rover-Project/training_data/IMG/robocam_2018_01_13_15_57_57_670.jpg;-15;1;0;3.336626;102.3692;71.72591;0.8651679;308.0374;359.5371
/Users/markdoorbar/Robotics/Mark/RoboND-Rover-Project/training_data/IMG/robocam_2018_01_13_15_57_57_720.jpg;-15;1;0;3.360399;102.4456;71.61835;0.7172338;306.4939;359.4099
/Users/markdoorbar/Robotics/Mark/RoboND-Rover-Project/training_data/IMG/robocam_2018_01_13_15_57_57_770.jpg;-15;1;0;3.39524;102.5553;71.45289;0.4430185;304.1792;359.1792
/Users/markdoorbar/Robotics/Mark/RoboND-Rover-Project/training_data/IMG/robocam_2018_01_13_15_57_57_820.jpg;-12.74807;1;0;3.418651;102.6257;71.34009;0.2328034;302.7345;359.0139
/Users/markdoorbar/Robotics/Mark/RoboND-Rover-Project/training_data/IMG/robocam_2018_01_13_15_57_57_870.jpg;-10.51368;1;0;3.455183;102.7288;71.16679;359.9439;300.8777;358.7884
/Users/markdoorbar/Robotics/Mark/RoboND-Rover-Project/training_data/IMG/robocam_2018_01_13_15_57_57_919.jpg;-8.279253;1;0;3.471151;102.7984;71.04795;359.8857;299.9455;358.7446
/Users/markdoorbar/Robotics/Mark/RoboND-Rover-Project/training_data/IMG/robocam_2018_01_13_15_57_57_970.jpg;-6.007519;1;0;3.499516;102.9032;70.86488;359.9705;298.921;358.8091
/Users/markdoorbar/Robotics/Mark/RoboND-Rover-Project/training_data/IMG/robocam_2018_01_13_15_57_58_020.jpg;-3.80013;1;0;3.534986;102.9722;70.74007;0.04048747;298.3201;358.9114
/Users/markdoorbar/Robotics/Mark/RoboND-Rover-Project/training_data/IMG/robocam_2018_01_13_15_57_58_069.jpg;-1.553282;1;0;3.573437;103.0738;70.55013;0.1095052;297.7131;359.0461
/Users/markdoorbar/Robotics/Mark/RoboND-Rover-Project/training_data/IMG/robocam_2018_01_13_15_57_58_120.jpg;0;1;0;3.599347;103.1416;70.42152;0.1789192;297.5432;359.1294
/Users/markdoorbar/Robotics/Mark/RoboND-Rover-Project/training_data/IMG/robocam_2018_01_13_15_57_58_169.jpg;0;1;0;3.636925;103.244;70.22606;0.3206906;297.4552;359.2554
/Users/markdoorbar/Robotics/Mark/RoboND-Rover-Project/training_data/IMG/robocam_2018_01_13_15_57_58_220.jpg;0;1;0;3.661957;103.3129;70.0942;0.4368976;297.4399;359.3428
/Users/markdoorbar/Robotics/Mark/RoboND-Rover-Project/training_data/IMG/robocam_2018_01_13_15_57_58_269.jpg;0;1;0;3.699481;103.4172;69.89433;0.6369527;297.4415;359.4809
/Users/markdoorbar/Robotics/Mark/RoboND-Rover-Project/training_data/IMG/robocam_2018_01_13_15_57_58_319.jpg;0;1;0;3.724484;103.4875;69.75977;0.7834849;297.4512;359.5777
/Users/markdoorbar/Robotics/Mark/RoboND-Rover-Project/training_data/IMG/robocam_2018_01_13_15_57_58_370.jpg;0;1;0;3.761997;103.594;69.55621;1.013232;297.4774;359.7317
/Users/markdoorbar/Robotics/Mark/RoboND-Rover-Project/training_data/IMG/robocam_2018_01_13_15_57_58_420.jpg;-1.524466;1;0;3.78669;103.6654;69.41936;1.162049;297.4481;359.8382
/Users/markdoorbar/Robotics/Mark/RoboND-Rover-Project/training_data/IMG/robocam_2018_01_13_15_57_58_470.jpg;-3.752459;1;0;3.824519;103.772;69.21205;1.367501;297.1909;359.9846
/Users/markdoorbar/Robotics/Mark/RoboND-Rover-Project/training_data/IMG/robocam_2018_01_13_15_57_58_519.jpg;-6.011056;1;0;3.849221;103.8408;69.07204;1.464845;296.7689;0.002453319
/Users/markdoorbar/Robotics/Mark/RoboND-Rover-Project/training_data/IMG/robocam_2018_01_13_15_57_58_570.jpg;-8.278648;1;0;3.888637;103.9408;68.86108;1.462134;295.7892;0.003931786
/Users/markdoorbar/Robotics/Mark/RoboND-Rover-Project/training_data/IMG/robocam_2018_01_13_15_57_58_620.jpg;-10.52924;1;0;3.915689;104.0052;68.71879;1.415659;294.9204;0.002856104
/Users/markdoorbar/Robotics/Mark/RoboND-Rover-Project/training_data/IMG/robocam_2018_01_13_15_57_58_670.jpg;-9.834121;1;0;3.951099;104.0975;68.50163;1.343233;293.3997;359.92
/Users/markdoorbar/Robotics/Mark/RoboND-Rover-Project/training_data/IMG/robocam_2018_01_13_15_57_58_720.jpg;-7.540473;1;0;3.975563;104.1575;68.35535;1.274574;292.4598;359.8522
/Users/markdoorbar/Robotics/Mark/RoboND-Rover-Project/training_data/IMG/robocam_2018_01_13_15_57_58_770.jpg;-5.292272;1;0;4.013945;104.2458;68.13387;1.13625;291.2905;359.7576
/Users/markdoorbar/Robotics/Mark/RoboND-Rover-Project/training_data/IMG/robocam_2018_01_13_15_57_58_820.jpg;-3.037773;1;0;4.039921;104.3036;67.98455;1.037453;290.7333;359.6908
/Users/markdoorbar/Robotics/Mark/RoboND-Rover-Project/training_data/IMG/robocam_2018_01_13_15_57_58_870.jpg;-0.7909673;1;0;4.077334;104.3898;67.75822;0.8965991;290.2371;359.5983
/Users/markdoorbar/Robotics/Mark/RoboND-Rover-Project/training_data/IMG/robocam_2018_01_13_15_57_58_919.jpg;-3.040069;1;0;4.102372;104.4465;67.6055;0.8165894;289.9896;359.5306
/Users/markdoorbar/Robotics/Mark/RoboND-Rover-Project/training_data/IMG/robocam_2018_01_13_15_57_58_970.jpg;-5.294251;1;0;4.137667;104.5296;67.37372;0.704374;289.4691;359.419
/Users/markdoorbar/Robotics/Mark/RoboND-Rover-Project/training_data/IMG/robocam_2018_01_13_15_57_59_019.jpg;-7.523596;1;0;4.160514;104.5832;67.21752;0.6213223;288.9281;359.339
/Users/markdoorbar/Robotics/Mark/RoboND-Rover-Project/training_data/IMG/robocam_2018_01_13_15_57_59_069.jpg;-9.789033;1;0;4.194643;104.6597;66.98074;0.4722435;287.7952;359.2028
/Users/markdoorbar/Robotics/Mark/RoboND-Rover-Project/training_data/IMG/robocam_2018_01_13_15_57_59_120.jpg;-7.538676;1;0;4.216851;104.7085;66.82147;0.3503007;286.9617;359.1177
/Users/markdoorbar/Robotics/Mark/RoboND-Rover-Project/training_data/IMG/robocam_2018_01_13_15_57_59_169.jpg;-5.331872;1;0;4.252887;104.7792;66.58017;0.1543601;285.8683;359.0006
/Users/markdoorbar/Robotics/Mark/RoboND-Rover-Project/training_data/IMG/robocam_2018_01_13_15_57_59_220.jpg;-3.040879;1;0;4.277129;104.825;66.41749;0.03153646;285.3327;358.928
/Users/markdoorbar/Robotics/Mark/RoboND-Rover-Project/training_data/IMG/robocam_2018_01_13_15_57_59_270.jpg;-0.7925016;1;0;4.311371;104.8935;66.17009;359.9302;284.8624;358.8782
/Users/markdoorbar/Robotics/Mark/RoboND-Rover-Project/training_data/IMG/robocam_2018_01_13_15_57_59_320.jpg;0;1;0;4.334608;104.9398;66.00233;359.9585;284.7359;358.9045
/Users/markdoorbar/Robotics/Mark/RoboND-Rover-Project/training_data/IMG/robocam_2018_01_13_15_57_59_369.jpg;0;1;0;4.367899;105.0089;65.74776;0.05418801;284.6622;358.975
/Users/markdoorbar/Robotics/Mark/RoboND-Rover-Project/training_data/IMG/robocam_2018_01_13_15_57_59_420.jpg;0;1;0;4.391374;105.0546;65.57681;0.1165696;284.6501;359.0343
/Users/markdoorbar/Robotics/Mark/RoboND-Rover-Project/training_data/IMG/robocam_2018_01_13_15_57_59_470.jpg;0;1;0;4.426918;105.1234;65.31826;0.2260853;284.6479;359.1463
/Users/markdoorbar/Robotics/Mark/RoboND-Rover-Project/training_data/IMG/robocam_2018_01_13_15_57_59_520.jpg;0;1;0;4.450731;105.1693;65.14432;0.3203349;284.6501;359.2252
/Users/markdoorbar/Robotics/Mark/RoboND-Rover-Project/training_data/IMG/robocam_2018_01_13_15_57_59_570.jpg;0;1;0;4.485508;105.2387;64.88122;0.4894566;284.6605;359.3526
/Users/markdoorbar/Robotics/Mark/RoboND-Rover-Project/training_data/IMG/robocam_2018_01_13_15_57_59_620.jpg;0;1;0;4.508672;105.2853;64.70444;0.6171094;284.6715;359.4436
/Users/markdoorbar/Robotics/Mark/RoboND-Rover-Project/training_data/IMG/robocam_2018_01_13_15_57_59_670.jpg;0;1;0;4.543408;105.3559;64.43736;0.825009;284.6945;359.588
/Users/markdoorbar/Robotics/Mark/RoboND-Rover-Project/training_data/IMG/robocam_2018_01_13_15_57_59_720.jpg;0;0.9494289;0;4.566466;105.4034;64.2581;0.9705042;284.714;359.6883
/Users/markdoorbar/Robotics/Mark/RoboND-Rover-Project/training_data/IMG/robocam_2018_01_13_15_57_59_770.jpg;0;0.799369;0;4.597001;105.4753;63.98786;1.185674;284.7491;359.8423
/Users/markdoorbar/Robotics/Mark/RoboND-Rover-Project/training_data/IMG/robocam_2018_01_13_15_57_59_819.jpg;0;0.6464441;0;4.612756;105.5235;63.80717;1.317804;284.7758;359.9466
/Users/markdoorbar/Robotics/Mark/RoboND-Rover-Project/training_data/IMG/robocam_2018_01_13_15_57_59_870.jpg;0;0.499258;0;4.628548;105.5942;63.53566;1.475376;284.7672;-0.0005894326
/Users/markdoorbar/Robotics/Mark/RoboND-Rover-Project/training_data/IMG/robocam_2018_01_13_15_57_59_919.jpg;0;0.3476081;0;4.634958;105.6407;63.35526;1.516623;284.7469;-0.002327348
/Users/markdoorbar/Robotics/Mark/RoboND-Rover-Project/training_data/IMG/robocam_2018_01_13_15_57_59_970.jpg;0;0.1989279;0;4.639011;105.71;63.08634;1.471708;284.7194;-0.001290638
/Users/markdoorbar/Robotics/Mark/RoboND-Rover-Project/training_data/IMG/robocam_2018_01_13_15_58_00_020.jpg;0;0.04939616;0;4.635463;105.756;62.90792;1.401976;284.6987;-0.001061185
/Users/markdoorbar/Robotics/Mark/RoboND-Rover-Project/training_data/IMG/robocam_2018_01_13_15_58_00_070.jpg;0;0;0;4.622287;105.8245;62.6418;1.246733;284.6673;-0.0009482867
/Users/markdoorbar/Robotics/Mark/RoboND-Rover-Project/training_data/IMG/robocam_2018_01_13_15_58_00_119.jpg;0;0;0;4.612509;105.8699;62.46536;1.114978;284.6472;-0.0008032731
/Users/markdoorbar/Robotics/Mark/RoboND-Rover-Project/training_data/IMG/robocam_2018_01_13_15_58_00_170.jpg;0;0;0;4.597825;105.9376;62.20197;0.8855016;284.6191;-0.0004291525
/Users/markdoorbar/Robotics/Mark/RoboND-Rover-Project/training_data/IMG/robocam_2018_01_13_15_58_00_220.jpg;0;0;0;4.588016;105.9825;62.02713;0.7170708;284.6021;-9.432936E-05
/Users/markdoorbar/Robotics/Mark/RoboND-Rover-Project/training_data/IMG/robocam_2018_01_13_15_58_00_270.jpg;0;0;0;4.573216;106.0497;61.76587;0.4502036;284.5813;0.005284789
/Users/markdoorbar/Robotics/Mark/RoboND-Rover-Project/training_data/IMG/robocam_2018_01_13_15_58_00_319.jpg;0;0;0;4.563359;106.0945;61.59227;0.2678912;284.5714;0.0132919
/Users/markdoorbar/Robotics/Mark/RoboND-Rover-Project/training_data/IMG/robocam_2018_01_13_15_58_00_369.jpg;0;0;0;4.548538;106.1615;61.33265;-0.00549276;284.5613;0.03105483
/Users/markdoorbar/Robotics/Mark/RoboND-Rover-Project/training_data/IMG/robocam_2018_01_13_15_58_00_420.jpg;0;0;0;4.538514;106.2059;61.15942;359.8456;284.5475;0.02173812
/Users/markdoorbar/Robotics/Mark/RoboND-Rover-Project/training_data/IMG/robocam_2018_01_13_15_58_00_470.jpg;0;0;0;4.522398;106.2727;60.89972;359.6631;284.5283;-0.002230882
/Users/markdoorbar/Robotics/Mark/RoboND-Rover-Project/training_data/IMG/robocam_2018_01_13_15_58_00_520.jpg;0;0;0;4.51164;106.3175;60.72705;359.5493;284.5265;-0.000168332
/Users/markdoorbar/Robotics/Mark/RoboND-Rover-Project/training_data/IMG/robocam_2018_01_13_15_58_00_570.jpg;0;0;0;4.495527;106.3846;60.46817;359.4163;284.5237;-0.002271616
/Users/markdoorbar/Robotics/Mark/RoboND-Rover-Project/training_data/IMG/robocam_2018_01_13_15_58_00_620.jpg;0;0;0;4.485234;106.4291;60.29608;359.3279;284.5231;-0.002796328
/Users/markdoorbar/Robotics/Mark/RoboND-Rover-Project/training_data/IMG/robocam_2018_01_13_15_58_00_669.jpg;0;0;0;4.468754;106.4961;60.0379;359.2465;284.5236;-0.0006811969
/Users/markdoorbar/Robotics/Mark/RoboND-Rover-Project/training_data/IMG/robocam_2018_01_13_15_58_00_719.jpg;0;0;0;4.458448;106.5405;59.86629;359.1917;284.5239;0.0006873094
/Users/markdoorbar/Robotics/Mark/RoboND-Rover-Project/training_data/IMG/robocam_2018_01_13_15_58_00_770.jpg;0;0;0;4.443226;106.607;59.60923;359.1319;284.5221;-0.002302385
/Users/markdoorbar/Robotics/Mark/RoboND-Rover-Project/training_data/IMG/robocam_2018_01_13_15_58_00_820.jpg;0;0;0;4.431408;106.6513;59.43798;359.117;284.5205;359.9941
/Users/markdoorbar/Robotics/Mark/RoboND-Rover-Project/training_data/IMG/robocam_2018_01_13_15_58_00_870.jpg;0;0;0;4.416097;106.7177;59.18187;359.0933;284.5195;359.9904
/Users/markdoorbar/Robotics/Mark/RoboND-Rover-Project/training_data/IMG/robocam_2018_01_13_15_58_00_920.jpg;0;0;0;4.406038;106.7618;59.01163;359.0772;284.5192;359.9884
/Users/markdoorbar/Robotics/Mark/RoboND-Rover-Project/training_data/IMG/robocam_2018_01_13_15_58_00_970.jpg;0;0;0;4.391002;106.8277;58.757;359.0531;284.5191;359.9859
/Users/markdoorbar/Robotics/Mark/RoboND-Rover-Project/training_data/IMG/robocam_2018_01_13_15_58_01_019.jpg;0;0;0;4.379715;106.872;58.58718;359.0771;284.5265;0.002731323
/Users/markdoorbar/Robotics/Mark/RoboND-Rover-Project/training_data/IMG/robocam_2018_01_13_15_58_01_070.jpg;0;0;0;4.364114;106.9379;58.3333;359.1026;284.5307;0.01810606
/Users/markdoorbar/Robotics/Mark/RoboND-Rover-Project/training_data/IMG/robocam_2018_01_13_15_58_01_120.jpg;0;0;0;4.35419;106.9816;58.16457;359.1162;284.5317;0.02615148
/Users/markdoorbar/Robotics/Mark/RoboND-Rover-Project/training_data/IMG/robocam_2018_01_13_15_58_01_170.jpg;0;0;0;4.339372;107.047;57.91227;359.1315;284.5323;0.03642938
/Users/markdoorbar/Robotics/Mark/RoboND-Rover-Project/training_data/IMG/robocam_2018_01_13_15_58_01_220.jpg;0;0;0;4.329531;107.0904;57.7446;359.1385;284.5323;0.04227561
/Users/markdoorbar/Robotics/Mark/RoboND-Rover-Project/training_data/IMG/robocam_2018_01_13_15_58_01_270.jpg;0;0;0;4.313835;107.1549;57.49322;359.1777;284.5166;0.01116196
/Users/markdoorbar/Robotics/Mark/RoboND-Rover-Project/training_data/IMG/robocam_2018_01_13_15_58_01_320.jpg;0;0;0;4.303504;107.198;57.32615;359.2063;284.5101;359.9907
/Users/markdoorbar/Robotics/Mark/RoboND-Rover-Project/training_data/IMG/robocam_2018_01_13_15_58_01_369.jpg;0;0;0;4.288893;107.2626;57.07644;359.2401;284.5063;359.9668
/Users/markdoorbar/Robotics/Mark/RoboND-Rover-Project/training_data/IMG/robocam_2018_01_13_15_58_01_420.jpg;0;0;0;4.279198;107.3055;56.91056;359.2565;284.5054;359.9532
/Users/markdoorbar/Robotics/Mark/RoboND-Rover-Project/training_data/IMG/robocam_2018_01_13_15_58_01_469.jpg;0;0;0;4.264708;107.3698;56.66258;359.2725;284.5051;359.9355
/Users/markdoorbar/Robotics/Mark/RoboND-Rover-Project/training_data/IMG/robocam_2018_01_13_15_58_01_520.jpg;0;0;0;4.255077;107.4128;56.49765;359.2931;284.5134;359.9445
/Users/markdoorbar/Robotics/Mark/RoboND-Rover-Project/training_data/IMG/robocam_2018_01_13_15_58_01_570.jpg;0;0;0;4.239483;107.4771;56.25087;359.33;284.5238;359.9659
/Users/markdoorbar/Robotics/Mark/RoboND-Rover-Project/training_data/IMG/robocam_2018_01_13_15_58_01_620.jpg;1.492247;0;0;4.229897;107.5199;56.08698;359.3469;284.5703;359.9839
/Users/markdoorbar/Robotics/Mark/RoboND-Rover-Project/training_data/IMG/robocam_2018_01_13_15_58_01_669.jpg;3.740131;0;0;4.215313;107.5855;55.84246;359.3611;284.838;0.04635462
/Users/markdoorbar/Robotics/Mark/RoboND-Rover-Project/training_data/IMG/robocam_2018_01_13_15_58_01_719.jpg;6.001158;0;0;4.205157;107.6309;55.68056;359.363;285.2192;0.1283294
/Users/markdoorbar/Robotics/Mark/RoboND-Rover-Project/training_data/IMG/robocam_2018_01_13_15_58_01_770.jpg;8.209035;0;0;4.187939;107.7017;55.43879;359.4026;286.0797;0.2720882
/Users/markdoorbar/Robotics/Mark/RoboND-Rover-Project/training_data/IMG/robocam_2018_01_13_15_58_01_820.jpg;10.49036;0;0;4.176111;107.752;55.27913;359.4344;286.8923;0.4228238
/Users/markdoorbar/Robotics/Mark/RoboND-Rover-Project/training_data/IMG/robocam_2018_01_13_15_58_01_869.jpg;12.75467;0;0;4.156143;107.8325;55.04187;359.5144;288.4085;0.7104463
/Users/markdoorbar/Robotics/Mark/RoboND-Rover-Project/training_data/IMG/robocam_2018_01_13_15_58_01_920.jpg;15;0;0;4.143056;107.8896;54.8849;359.6128;289.5629;0.922235
/Users/markdoorbar/Robotics/Mark/RoboND-Rover-Project/training_data/IMG/robocam_2018_01_13_15_58_01_970.jpg;15;0;0;4.120128;107.9807;54.65031;359.9027;291.4298;1.17736
/Users/markdoorbar/Robotics/Mark/RoboND-Rover-Project/training_data/IMG/robocam_2018_01_13_15_58_02_020.jpg;15;0;0;4.107868;108.0443;54.49709;0.04074217;292.8024;1.307055
/Users/markdoorbar/Robotics/Mark/RoboND-Rover-Project/training_data/IMG/robocam_2018_01_13_15_58_02_069.jpg;15;0;0;4.084781;108.1418;54.27351;0.0248113;294.9563;1.353786
/Users/markdoorbar/Robotics/Mark/RoboND-Rover-Project/training_data/IMG/robocam_2018_01_13_15_58_02_121.jpg;15;0;0;4.074958;108.2091;54.12733;359.9456;296.3942;1.274599
/Users/markdoorbar/Robotics/Mark/RoboND-Rover-Project/training_data/IMG/robocam_2018_01_13_15_58_02_169.jpg;15;0;0;4.042536;108.3192;53.9126;359.9032;298.4945;1.200711
/Users/markdoorbar/Robotics/Mark/RoboND-Rover-Project/training_data/IMG/robocam_2018_01_13_15_58_02_220.jpg;12.71274;0;0;4.026643;108.3983;53.77257;359.9214;299.8176;1.194517
/Users/markdoorbar/Robotics/Mark/RoboND-Rover-Project/training_data/IMG/robocam_2018_01_13_15_58_02_269.jpg;10.45932;0;0;4.009962;108.5227;53.56566;0.01136479;301.6036;1.185557
/Users/markdoorbar/Robotics/Mark/RoboND-Rover-Project/training_data/IMG/robocam_2018_01_13_15_58_02_320.jpg;8.230292;0;0;3.997518;108.6071;53.4304;0.01041831;302.6452;1.139838
/Users/markdoorbar/Robotics/Mark/RoboND-Rover-Project/training_data/IMG/robocam_2018_01_13_15_58_02_369.jpg;5.965939;0;0;3.982104;108.7376;53.23144;359.9813;303.8885;1.087706
/Users/markdoorbar/Robotics/Mark/RoboND-Rover-Project/training_data/IMG/robocam_2018_01_13_15_58_02_419.jpg;3.751985;0;0;3.972134;108.8269;53.10059;359.9686;304.4846;1.077342
/Users/markdoorbar/Robotics/Mark/RoboND-Rover-Project/training_data/IMG/robocam_2018_01_13_15_58_02_470.jpg;1.476785;0;0;3.958699;108.9619;52.90569;359.956;305.0582;1.048629
/Users/markdoorbar/Robotics/Mark/RoboND-Rover-Project/training_data/IMG/robocam_2018_01_13_15_58_02_520.jpg;3.745236;0;0;3.949325;109.0529;52.77692;359.9497;305.3666;1.037151
/Users/markdoorbar/Robotics/Mark/RoboND-Rover-Project/training_data/IMG/robocam_2018_01_13_15_58_02_569.jpg;5.991549;0;0;3.934635;109.1916;52.58612;359.9521;305.9882;1.051424
/Users/markdoorbar/Robotics/Mark/RoboND-Rover-Project/training_data/IMG/robocam_2018_01_13_15_58_02_620.jpg;8.210857;0;0;3.924127;109.286;52.46072;359.9678;306.5934;1.082171
/Users/markdoorbar/Robotics/Mark/RoboND-Rover-Project/training_data/IMG/robocam_2018_01_13_15_58_02_669.jpg;10.49447;0;0;3.907969;109.4307;52.27582;0.009882537;307.8071;1.148535
/Users/markdoorbar/Robotics/Mark/RoboND-Rover-Project/training_data/IMG/robocam_2018_01_13_15_58_02_720.jpg;12.70159;0;0;3.896629;109.5285;52.1553;-0.0004869711;308.8275;1.174141
/Users/markdoorbar/Robotics/Mark/RoboND-Rover-Project/training_data/IMG/robocam_2018_01_13_15_58_02_769.jpg;14.98525;0;0;3.874904;109.6791;51.97912;359.9873;310.6715;1.189784
/Users/markdoorbar/Robotics/Mark/RoboND-Rover-Project/training_data/IMG/robocam_2018_01_13_15_58_02_818.jpg;15;0;0;3.86498;109.7818;51.86469;359.9769;312.0103;1.170216
/Users/markdoorbar/Robotics/Mark/RoboND-Rover-Project/training_data/IMG/robocam_2018_01_13_15_58_02_870.jpg;15;0;0;3.843077;109.9424;51.69941;0.01641561;314.1184;1.210454
/Users/markdoorbar/Robotics/Mark/RoboND-Rover-Project/training_data/IMG/robocam_2018_01_13_15_58_02_919.jpg;15;0;0;3.830627;110.0505;51.59217;-0.001381246;315.5598;1.179473
/Users/markdoorbar/Robotics/Mark/RoboND-Rover-Project/training_data/IMG/robocam_2018_01_13_15_58_02_970.jpg;12.69677;0;0;3.808814;110.2176;51.43735;-0.005375759;317.6211;1.148052
/Users/markdoorbar/Robotics/Mark/RoboND-Rover-Project/training_data/IMG/robocam_2018_01_13_15_58_03_019.jpg;10.47206;0;0;3.799497;110.3315;51.33784;359.9795;318.8456;1.149633
/Users/markdoorbar/Robotics/Mark/RoboND-Rover-Project/training_data/IMG/robocam_2018_01_13_15_58_03_069.jpg;8.246445;0;0;3.78406;110.5057;51.19263;0.000667651;320.372;1.163871
/Users/markdoorbar/Robotics/Mark/RoboND-Rover-Project/training_data/IMG/robocam_2018_01_13_15_58_03_120.jpg;5.995138;0;0;3.774642;110.6229;51.09783;0.01058258;321.1873;1.163282
/Users/markdoorbar/Robotics/Mark/RoboND-Rover-Project/training_data/IMG/robocam_2018_01_13_15_58_03_169.jpg;3.747211;0;0;3.761865;110.7987;50.95821;359.9579;322.1039;1.100945
/Users/markdoorbar/Robotics/Mark/RoboND-Rover-Project/training_data/IMG/robocam_2018_01_13_15_58_03_220.jpg;1.491446;0;0;3.752213;110.9168;50.86624;359.9462;322.4636;1.040792
/Users/markdoorbar/Robotics/Mark/RoboND-Rover-Project/training_data/IMG/robocam_2018_01_13_15_58_03_269.jpg;0;0;0;3.739204;111.0941;50.72947;359.9244;322.6983;0.9468689
/Users/markdoorbar/Robotics/Mark/RoboND-Rover-Project/training_data/IMG/robocam_2018_01_13_15_58_03_319.jpg;0.7640541;0;0;3.730755;111.2122;50.6391;359.9003;322.7644;0.8881143
/Users/markdoorbar/Robotics/Mark/RoboND-Rover-Project/training_data/IMG/robocam_2018_01_13_15_58_03_369.jpg;3.01527;0;0;3.718062;111.3897;50.50538;359.8594;322.9836;0.8220499
/Users/markdoorbar/Robotics/Mark/RoboND-Rover-Project/training_data/IMG/robocam_2018_01_13_15_58_03_419.jpg;5.248981;0;0;3.709204;111.5088;50.41796;359.8326;323.317;0.8047641
/Users/markdoorbar/Robotics/Mark/RoboND-Rover-Project/training_data/IMG/robocam_2018_01_13_15_58_03_470.jpg;7.491689;0;0;3.695096;111.6889;50.29;359.7958;324.1197;0.8303373
/Users/markdoorbar/Robotics/Mark/RoboND-Rover-Project/training_data/IMG/robocam_2018_01_13_15_58_03_520.jpg;9.762973;0;0;3.684873;111.8102;50.20729;359.7803;324.886;0.8877408
/Users/markdoorbar/Robotics/Mark/RoboND-Rover-Project/training_data/IMG/robocam_2018_01_13_15_58_03_570.jpg;11.97711;0;0;3.668436;111.9945;50.08702;359.8004;326.299;1.00924
/Users/markdoorbar/Robotics/Mark/RoboND-Rover-Project/training_data/IMG/robocam_2018_01_13_15_58_03_619.jpg;14.26437;0;0;3.655878;112.1194;50.00938;359.8739;327.4138;1.088826
/Users/markdoorbar/Robotics/Mark/RoboND-Rover-Project/training_data/IMG/robocam_2018_01_13_15_58_03_670.jpg;15;0;0;3.636354;112.3096;49.89867;0.02271097;329.3696;1.21322
/Users/markdoorbar/Robotics/Mark/RoboND-Rover-Project/training_data/IMG/robocam_2018_01_13_15_58_03_720.jpg;15;0;0;3.624092;112.4349;49.8284;359.9821;330.7792;1.216678
/Users/markdoorbar/Robotics/Mark/RoboND-Rover-Project/training_data/IMG/robocam_2018_01_13_15_58_03_770.jpg;15;0;0;3.609499;112.626;49.72823;359.9908;332.8456;1.147061
/Users/markdoorbar/Robotics/Mark/RoboND-Rover-Project/training_data/IMG/robocam_2018_01_13_15_58_03_820.jpg;15;0;0;3.59144;112.756;49.66761;0.01466911;334.2703;1.180752
/Users/markdoorbar/Robotics/Mark/RoboND-Rover-Project/training_data/IMG/robocam_2018_01_13_15_58_03_870.jpg;15;0;0;3.574374;112.9514;49.58215;-0.004058093;336.4489;1.187752
/Users/markdoorbar/Robotics/Mark/RoboND-Rover-Project/training_data/IMG/robocam_2018_01_13_15_58_03_920.jpg;15;0;0;3.558797;113.0831;49.52985;359.9895;337.9075;1.187816
/Users/markdoorbar/Robotics/Mark/RoboND-Rover-Project/training_data/IMG/robocam_2018_01_13_15_58_03_969.jpg;15;0;0;3.544064;113.2822;49.45753;-0.004615874;340.0632;1.170361
/Users/markdoorbar/Robotics/Mark/RoboND-Rover-Project/training_data/IMG/robocam_2018_01_13_15_58_04_020.jpg;15;0;0;3.52963;113.4164;49.41472;0.0160947;341.5161;1.20953
/Users/markdoorbar/Robotics/Mark/RoboND-Rover-Project/training_data/IMG/robocam_2018_01_13_15_58_04_069.jpg;15;0;0;3.514739;113.6173;49.35467;-0.003861885;343.6812;1.162784
/Users/markdoorbar/Robotics/Mark/RoboND-Rover-Project/training_data/IMG/robocam_2018_01_13_15_58_04_120.jpg;15;0;0;3.497376;113.7523;49.3204;-0.004702479;345.1215;1.157767
/Users/markdoorbar/Robotics/Mark/RoboND-Rover-Project/training_data/IMG/robocam_2018_01_13_15_58_04_169.jpg;15;0;0;3.481937;113.9556;49.27599;-0.001599865;347.2901;1.188358
/Users/markdoorbar/Robotics/Mark/RoboND-Rover-Project/training_data/IMG/robocam_2018_01_13_15_58_04_219.jpg;15;0;0;3.470348;114.0917;49.2507;0.01818677;348.734;1.218681
/Users/markdoorbar/Robotics/Mark/RoboND-Rover-Project/training_data/IMG/robocam_2018_01_13_15_58_04_269.jpg;15;0;0;3.45568;114.2948;49.21694;359.9868;350.8884;1.158036
/Users/markdoorbar/Robotics/Mark/RoboND-Rover-Project/training_data/IMG/robocam_2018_01_13_15_58_04_320.jpg;15;0;0;3.437771;114.4307;49.20038;359.9886;352.3199;1.150642
/Users/markdoorbar/Robotics/Mark/RoboND-Rover-Project/training_data/IMG/robocam_2018_01_13_15_58_04_370.jpg;15;0;0;3.422102;114.6345;49.18251;359.9893;354.4847;1.177449
/Users/markdoorbar/Robotics/Mark/RoboND-Rover-Project/training_data/IMG/robocam_2018_01_13_15_58_04_420.jpg;15;0;0;3.410922;114.7705;49.17496;0.01510251;355.9321;1.211664
/Users/markdoorbar/Robotics/Mark/RoboND-Rover-Project/training_data/IMG/robocam_2018_01_13_15_58_04_469.jpg;15;0;0;3.396768;114.973;49.16753;0.002275734;358.0994;1.155015
/Users/markdoorbar/Robotics/Mark/RoboND-Rover-Project/training_data/IMG/robocam_2018_01_13_15_58_04_520.jpg;15;0;0;3.37898;115.1074;49.1685;359.9941;359.5429;1.154029
/Users/markdoorbar/Robotics/Mark/RoboND-Rover-Project/training_data/IMG/robocam_2018_01_13_15_58_04_570.jpg;15;0;0;3.364099;115.3082;49.1765;359.9898;1.707603;1.183148
/Users/markdoorbar/Robotics/Mark/RoboND-Rover-Project/training_data/IMG/robocam_2018_01_13_15_58_04_620.jpg;15;0;0;3.35365;115.4418;49.18588;0.0158486;3.139694;1.206696
/Users/markdoorbar/Robotics/Mark/RoboND-Rover-Project/training_data/IMG/robocam_2018_01_13_15_58_04_669.jpg;15;0;0;3.337196;115.64;49.20426;-0.00465424;5.269234;1.166373
/Users/markdoorbar/Robotics/Mark/RoboND-Rover-Project/training_data/IMG/robocam_2018_01_13_15_58_04_720.jpg;15;0;0;3.322195;115.7711;49.22177;359.994;6.699799;1.161826
/Users/markdoorbar/Robotics/Mark/RoboND-Rover-Project/training_data/IMG/robocam_2018_01_13_15_58_04_769.jpg;15;0;0;3.30739;115.9661;49.25422;-0.003415682;8.849533;1.172438
/Users/markdoorbar/Robotics/Mark/RoboND-Rover-Project/training_data/IMG/robocam_2018_01_13_15_58_04_819.jpg;15;0;0;3.296157;116.095;49.28025;0.01603803;10.28635;1.207204
/Users/markdoorbar/Robotics/Mark/RoboND-Rover-Project/training_data/IMG/robocam_2018_01_13_15_58_04_869.jpg;14.25844;0;0;3.281278;116.286;49.32254;359.9879;12.40973;1.162806
/Users/markdoorbar/Robotics/Mark/RoboND-Rover-Project/training_data/IMG/robocam_2018_01_13_15_58_04_920.jpg;11.97163;0;0;3.268545;116.4122;49.35486;359.9904;13.69273;1.132025
/Users/markdoorbar/Robotics/Mark/RoboND-Rover-Project/training_data/IMG/robocam_2018_01_13_15_58_04_969.jpg;9.74661;0;0;3.256796;116.5994;49.40799;359.9824;15.37351;1.111297
/Users/markdoorbar/Robotics/Mark/RoboND-Rover-Project/training_data/IMG/robocam_2018_01_13_15_58_05_019.jpg;7.506418;0;0;3.248817;116.7234;49.4458;359.9853;16.2915;1.111973
/Users/markdoorbar/Robotics/Mark/RoboND-Rover-Project/training_data/IMG/robocam_2018_01_13_15_58_05_070.jpg;5.247284;0;0;3.237348;116.9083;49.50456;359.9911;17.37952;1.105034
/Users/markdoorbar/Robotics/Mark/RoboND-Rover-Project/training_data/IMG/robocam_2018_01_13_15_58_05_119.jpg;2.992828;0;0;3.230134;117.0311;49.54444;-0.0007838709;17.8725;1.082278
/Users/markdoorbar/Robotics/Mark/RoboND-Rover-Project/training_data/IMG/robocam_2018_01_13_15_58_05_170.jpg;0.7431901;0;0;3.219374;117.2143;49.60451;359.9847;18.29191;1.022689
/Users/markdoorbar/Robotics/Mark/RoboND-Rover-Project/training_data/IMG/robocam_2018_01_13_15_58_05_220.jpg;0;0;0;3.212405;117.3358;49.64453;359.9614;18.3947;0.9742635
/Users/markdoorbar/Robotics/Mark/RoboND-Rover-Project/training_data/IMG/robocam_2018_01_13_15_58_05_269.jpg;0;0;0;3.201661;117.5175;49.70459;359.9167;18.44372;0.8912267
/Users/markdoorbar/Robotics/Mark/RoboND-Rover-Project/training_data/IMG/robocam_2018_01_13_15_58_05_319.jpg;0;0;0;3.194476;117.6381;49.74459;359.8836;18.45183;0.8276341
/Users/markdoorbar/Robotics/Mark/RoboND-Rover-Project/training_data/IMG/robocam_2018_01_13_15_58_05_369.jpg;0;0;0;3.183742;117.8185;49.80451;359.8278;18.4543;0.7240718
/Users/markdoorbar/Robotics/Mark/RoboND-Rover-Project/training_data/IMG/robocam_2018_01_13_15_58_05_419.jpg;0;0;0;3.176559;117.9383;49.84441;359.7858;18.45496;0.652664
/Users/markdoorbar/Robotics/Mark/RoboND-Rover-Project/training_data/IMG/robocam_2018_01_13_15_58_05_469.jpg;0;0;0;3.165867;118.1175;49.90403;359.7237;18.45245;0.5351757
/Users/markdoorbar/Robotics/Mark/RoboND-Rover-Project/training_data/IMG/robocam_2018_01_13_15_58_05_519.jpg;0;0;0;3.158645;118.2365;49.94374;359.6802;18.45192;0.4569511
/Users/markdoorbar/Robotics/Mark/RoboND-Rover-Project/training_data/IMG/robocam_2018_01_13_15_58_05_570.jpg;0;0;0;3.148004;118.4145;50.00317;359.6111;18.45227;0.3419854
/Users/markdoorbar/Robotics/Mark/RoboND-Rover-Project/training_data/IMG/robocam_2018_01_13_15_58_05_620.jpg;0;0;0;3.140906;118.5328;50.04271;359.5637;18.45277;0.267446
/Users/markdoorbar/Robotics/Mark/RoboND-Rover-Project/training_data/IMG/robocam_2018_01_13_15_58_05_670.jpg;0;0;0;3.129897;118.7101;50.10174;359.5089;18.44719;0.1429415
/Users/markdoorbar/Robotics/Mark/RoboND-Rover-Project/training_data/IMG/robocam_2018_01_13_15_58_05_719.jpg;0;0;0;3.122789;118.8279;50.14111;359.4715;18.44653;0.06778642
/Users/markdoorbar/Robotics/Mark/RoboND-Rover-Project/training_data/IMG/robocam_2018_01_13_15_58_05_769.jpg;0;0;0;3.112145;119.004;50.20005;359.4162;18.44669;359.9634
/Users/markdoorbar/Robotics/Mark/RoboND-Rover-Project/training_data/IMG/robocam_2018_01_13_15_58_05_820.jpg;0;0;0;3.105054;119.1213;50.23965;359.3957;18.45528;359.9186
/Users/markdoorbar/Robotics/Mark/RoboND-Rover-Project/training_data/IMG/robocam_2018_01_13_15_58_05_869.jpg;0;0;0;3.093453;119.2969;50.29868;359.376;18.4634;359.8597
/Users/markdoorbar/Robotics/Mark/RoboND-Rover-Project/training_data/IMG/robocam_2018_01_13_15_58_05_919.jpg;0;0;0.1014211;3.083965;119.4134;50.33801;359.3672;18.47162;359.8376
/Users/markdoorbar/Robotics/Mark/RoboND-Rover-Project/training_data/IMG/robocam_2018_01_13_15_58_05_969.jpg;0;0;0.2491382;3.046057;119.5857;50.39591;359.3123;18.47904;359.813
/Users/markdoorbar/Robotics/Mark/RoboND-Rover-Project/training_data/IMG/robocam_2018_01_13_15_58_06_020.jpg;0;0;0.4014362;3.00243;119.6974;50.43373;359.2261;18.48875;359.8174
/Users/markdoorbar/Robotics/Mark/RoboND-Rover-Project/training_data/IMG/robocam_2018_01_13_15_58_06_069.jpg;0;0;0.5509862;2.904613;119.8584;50.48791;358.9715;18.49184;359.8318
/Users/markdoorbar/Robotics/Mark/RoboND-Rover-Project/training_data/IMG/robocam_2018_01_13_15_58_06_120.jpg;0;0;0.7009202;2.82133;119.9609;50.5233;358.758;18.48725;359.9019
/Users/markdoorbar/Robotics/Mark/RoboND-Rover-Project/training_data/IMG/robocam_2018_01_13_15_58_06_169.jpg;0;0;0.8494413;2.680282;120.1086;50.57398;358.4489;18.46504;0.04241191
/Users/markdoorbar/Robotics/Mark/RoboND-Rover-Project/training_data/IMG/robocam_2018_01_13_15_58_06_219.jpg;0;0;0.9995914;2.60925;120.2056;50.60494;358.3455;18.45552;0.02266027
/Users/markdoorbar/Robotics/Mark/RoboND-Rover-Project/training_data/IMG/robocam_2018_01_13_15_58_06_269.jpg;0;0;1;2.491264;120.348;50.65083;358.3456;18.34382;359.989
/Users/markdoorbar/Robotics/Mark/RoboND-Rover-Project/training_data/IMG/robocam_2018_01_13_15_58_06_320.jpg;0;0;1;2.417986;120.4411;50.68121;358.4692;18.27294;359.9868
/Users/markdoorbar/Robotics/Mark/RoboND-Rover-Project/training_data/IMG/robocam_2018_01_13_15_58_06_370.jpg;0;0;1;2.300637;120.5747;50.72466;358.6949;18.23421;-0.00517377
/Users/markdoorbar/Robotics/Mark/RoboND-Rover-Project/training_data/IMG/robocam_2018_01_13_15_58_06_419.jpg;0;0;1;2.158413;120.6558;50.75097;358.7416;18.21778;-0.003296895
/Users/markdoorbar/Robotics/Mark/RoboND-Rover-Project/training_data/IMG/robocam_2018_01_13_15_58_06_469.jpg;0;0;1;1.943969;120.767;50.7872;358.7046;18.19232;-0.0009146787
/Users/markdoorbar/Robotics/Mark/RoboND-Rover-Project/training_data/IMG/robocam_2018_01_13_15_58_06_520.jpg;0;0;1;1.823325;120.8344;50.80916;358.6256;18.18316;-0.0002669344
/Users/markdoorbar/Robotics/Mark/RoboND-Rover-Project/training_data/IMG/robocam_2018_01_13_15_58_06_569.jpg;0;0;1;1.712479;120.932;50.84084;358.6566;18.16875;-0.005544542
/Users/markdoorbar/Robotics/Mark/RoboND-Rover-Project/training_data/IMG/robocam_2018_01_13_15_58_06_619.jpg;0;0;1;1.614834;120.9918;50.86032;358.6656;18.16489;-0.004448567
/Users/markdoorbar/Robotics/Mark/RoboND-Rover-Project/training_data/IMG/robocam_2018_01_13_15_58_06_669.jpg;0;0;1;1.408374;121.0726;50.8867;358.6186;18.19581;0.002264813
/Users/markdoorbar/Robotics/Mark/RoboND-Rover-Project/training_data/IMG/robocam_2018_01_13_15_58_06_719.jpg;0;0;1;1.310294;121.1218;50.90271;358.6071;18.20695;0.0004577579
/Users/markdoorbar/Robotics/Mark/RoboND-Rover-Project/training_data/IMG/robocam_2018_01_13_15_58_06_769.jpg;0;0;1;1.198318;121.1892;50.92465;358.6367;18.25247;-0.004216167
/Users/markdoorbar/Robotics/Mark/RoboND-Rover-Project/training_data/IMG/robocam_2018_01_13_15_58_06_819.jpg;0;0;1;1.079939;121.2284;50.93741;358.6203;18.25503;-0.005166881
/Users/markdoorbar/Robotics/Mark/RoboND-Rover-Project/training_data/IMG/robocam_2018_01_13_15_58_06_869.jpg;0;0;1;0.8853907;121.2786;50.95398;358.5605;18.31882;0.00399863
/Users/markdoorbar/Robotics/Mark/RoboND-Rover-Project/training_data/IMG/robocam_2018_01_13_15_58_06_920.jpg;0;0;1;0.8178023;121.3104;50.96436;358.632;18.36607;0.00246117
/Users/markdoorbar/Robotics/Mark/RoboND-Rover-Project/training_data/IMG/robocam_2018_01_13_15_58_06_969.jpg;0;0;1;0.6584437;121.3454;50.97551;358.5814;18.40925;-0.004587932
/Users/markdoorbar/Robotics/Mark/RoboND-Rover-Project/training_data/IMG/robocam_2018_01_13_15_58_07_020.jpg;0;0;1;0.4636139;121.3592;50.97979;358.4354;18.425;359.9934
/Users/markdoorbar/Robotics/Mark/RoboND-Rover-Project/training_data/IMG/robocam_2018_01_13_15_58_07_069.jpg;0;0;1;0.2757508;121.372;50.98392;358.2564;18.42655;0.005011036
/Users/markdoorbar/Robotics/Mark/RoboND-Rover-Project/training_data/IMG/robocam_2018_01_13_15_58_07_119.jpg;0;0;1;0.0866564;121.3723;50.98405;358.1141;18.42879;359.9942
/Users/markdoorbar/Robotics/Mark/RoboND-Rover-Project/training_data/IMG/robocam_2018_01_13_15_58_07_169.jpg;0;0;1;-0.01839976;121.3724;50.98413;358.1418;18.43915;0.01517831
/Users/markdoorbar/Robotics/Mark/RoboND-Rover-Project/training_data/IMG/robocam_2018_01_13_15_58_07_220.jpg;0;0;0;-0.04400399;121.3725;50.98413;358.3014;18.43497;-0.001820618
/Users/markdoorbar/Robotics/Mark/RoboND-Rover-Project/training_data/IMG/robocam_2018_01_13_15_58_07_271.jpg;0;0;0;-0.1352203;121.3725;50.98417;358.7682;18.44163;359.9942
/Users/markdoorbar/Robotics/Mark/RoboND-Rover-Project/training_data/IMG/robocam_2018_01_13_15_58_07_319.jpg;0;0;0;-0.1640648;121.3723;50.98412;359.1326;18.4417;359.9878
/Users/markdoorbar/Robotics/Mark/RoboND-Rover-Project/training_data/IMG/robocam_2018_01_13_15_58_07_370.jpg;0;0;0;-0.1568293;121.3721;50.98405;359.6585;18.44178;359.9791
/Users/markdoorbar/Robotics/Mark/RoboND-Rover-Project/training_data/IMG/robocam_2018_01_13_15_58_07_419.jpg;0;0;0;-0.1505967;121.372;50.98401;359.9919;18.44189;359.974
/Users/markdoorbar/Robotics/Mark/RoboND-Rover-Project/training_data/IMG/robocam_2018_01_13_15_58_07_470.jpg;0;0;0;-0.1394763;121.3718;50.98396;0.461119;18.4421;359.9673
/Users/markdoorbar/Robotics/Mark/RoboND-Rover-Project/training_data/IMG/robocam_2018_01_13_15_58_07_518.jpg;0;0;0;-0.1310208;121.3717;50.98394;0.7386916;18.44352;359.9757
/Users/markdoorbar/Robotics/Mark/RoboND-Rover-Project/training_data/IMG/robocam_2018_01_13_15_58_07_569.jpg;0;0;0;-0.1046871;121.3716;50.98389;1.08812;18.44307;0.01018367
/Users/markdoorbar/Robotics/Mark/RoboND-Rover-Project/training_data/IMG/robocam_2018_01_13_15_58_07_619.jpg;0;0;0;-0.08662071;121.3716;50.98369;1.268921;18.44273;0.008687836
/Users/markdoorbar/Robotics/Mark/RoboND-Rover-Project/training_data/IMG/robocam_2018_01_13_15_58_07_670.jpg;0;0;0;-0.02575993;121.3716;50.98335;1.347104;18.44359;359.9797
/Users/markdoorbar/Robotics/Mark/RoboND-Rover-Project/training_data/IMG/robocam_2018_01_13_15_58_07_720.jpg;0;0;0;0.03474531;121.3714;50.98386;1.250363;18.44552;0.005926867
/Users/markdoorbar/Robotics/Mark/RoboND-Rover-Project/training_data/IMG/robocam_2018_01_13_15_58_07_770.jpg;0;0;0;0.06186981;121.3715;50.98363;1.029898;18.44508;0.02259583
